ticket_id,customer_id,created_at,resolved_at,category,status,priority,resolution_time_days
1,1,2023-02-01,2023-02-12,other,closed,medium,11
2,1,2023-03-03,2023-03-10,technical,resolved,urgent,7
3,2,2023-02-01,2023-02-12,billing,open,urgent,11
4,2,2023-03-03,2023-03-04,other,open,high,1
5,2,2023-04-02,2023-04-03,other,in_progress,urgent,1
6,2,2023-05-02,2023-05-06,billing,in_progress,high,4
7,3,2023-02-01,2023-02-08,other,in_progress,low,7
8,4,2023-02-01,2023-02-09,product,closed,high,8
9,4,2023-03-03,2023-03-06,billing,closed,low,3
10,5,2023-02-01,2023-02-10,other,resolved,low,9
11,5,2023-03-03,2023-03-12,billing,resolved,urgent,9
12,5,2023-04-02,2023-04-09,product,resolved,urgent,7
13,5,2023-05-02,2023-05-11,billing,closed,urgent,9
14,6,2023-02-01,2023-02-12,other,closed,medium,11
15,6,2023-03-03,2023-03-14,technical,resolved,high,11
16,6,2023-04-02,2023-04-07,product,in_progress,medium,5
17,6,2023-05-02,2023-05-03,technical,closed,low,1
18,7,2023-02-01,2023-02-07,shipping,open,urgent,6
19,7,2023-03-03,2023-03-17,shipping,closed,urgent,14
20,7,2023-04-02,2023-04-09,shipping,in_progress,urgent,7
21,8,2023-02-01,2023-02-14,other,closed,medium,13
22,8,2023-03-03,2023-03-08,product,open,low,5
23,8,2023-04-02,2023-04-13,other,closed,urgent,11
24,8,2023-05-02,2023-05-15,technical,in_progress,low,13
25,9,2023-02-01,2023-02-13,shipping,open,urgent,12
26,9,2023-03-03,2023-03-08,billing,in_progress,high,5
27,9,2023-04-02,2023-04-05,product,closed,medium,3
28,11,2023-02-01,2023-02-02,billing,closed,medium,1
29,12,2023-02-01,2023-02-14,other,in_progress,high,13
30,12,2023-03-03,2023-03-08,billing,open,low,5
31,15,2023-02-01,2023-02-06,product,resolved,low,5
32,15,2023-03-03,2023-03-04,other,in_progress,medium,1
33,16,2023-02-01,2023-02-13,product,resolved,urgent,12
34,16,2023-03-03,2023-03-13,product,in_progress,medium,10
35,17,2023-02-01,2023-02-05,other,closed,high,4
36,17,2023-03-03,2023-03-06,other,resolved,low,3
37,17,2023-04-02,2023-04-11,shipping,open,urgent,9
38,17,2023-05-02,2023-05-11,shipping,open,high,9
39,18,2023-02-01,2023-02-08,shipping,closed,medium,7
40,18,2023-03-03,2023-03-17,billing,in_progress,high,14
41,19,2023-02-01,2023-02-14,billing,open,low,13
42,19,2023-03-03,2023-03-07,billing,open,medium,4
43,20,2023-02-01,2023-02-03,other,resolved,high,2
44,20,2023-03-03,2023-03-09,product,open,urgent,6
45,22,2023-02-01,2023-02-06,billing,in_progress,high,5
46,22,2023-03-03,2023-03-07,technical,resolved,high,4
47,22,2023-04-02,2023-04-09,product,open,urgent,7
48,23,2023-02-01,2023-02-06,shipping,in_progress,urgent,5
49,23,2023-03-03,2023-03-06,technical,closed,urgent,3
50,23,2023-04-02,2023-04-12,technical,in_progress,urgent,10
51,23,2023-05-02,2023-05-15,technical,in_progress,medium,13
52,25,2023-02-01,2023-02-07,billing,closed,medium,6
53,26,2023-02-01,2023-02-12,technical,in_progress,medium,11
54,26,2023-03-03,2023-03-16,other,open,medium,13
55,27,2023-02-01,2023-02-13,technical,resolved,low,12
56,27,2023-03-03,2023-03-06,product,resolved,urgent,3
57,28,2023-02-01,2023-02-13,billing,in_progress,medium,12
58,28,2023-03-03,2023-03-06,shipping,open,low,3
59,28,2023-04-02,2023-04-03,product,resolved,low,1
60,28,2023-05-02,2023-05-15,other,resolved,urgent,13
61,29,2023-02-01,2023-02-08,product,open,urgent,7
62,29,2023-03-03,2023-03-16,technical,open,medium,13
63,32,2023-02-01,2023-02-13,other,open,high,12
64,32,2023-03-03,2023-03-13,product,closed,low,10
65,32,2023-04-02,2023-04-10,billing,closed,urgent,8
66,33,2023-02-01,2023-02-03,shipping,in_progress,urgent,2
67,33,2023-03-03,2023-03-12,technical,open,low,9
68,33,2023-04-02,2023-04-07,technical,resolved,medium,5
69,34,2023-02-01,2023-02-11,shipping,open,high,10
70,34,2023-03-03,2023-03-06,shipping,open,high,3
71,34,2023-04-02,2023-04-15,billing,in_progress,urgent,13
72,36,2023-02-01,2023-02-09,other,open,high,8
73,36,2023-03-03,2023-03-06,other,in_progress,medium,3
74,36,2023-04-02,2023-04-13,shipping,resolved,urgent,11
75,36,2023-05-02,2023-05-05,other,resolved,urgent,3
76,37,2023-02-01,2023-02-12,product,open,urgent,11
77,38,2023-02-01,2023-02-08,shipping,resolved,high,7
78,38,2023-03-03,2023-03-14,product,closed,low,11
79,38,2023-04-02,2023-04-13,product,in_progress,medium,11
80,38,2023-05-02,2023-05-14,product,resolved,urgent,12
81,39,2023-02-01,2023-02-08,product,closed,high,7
82,39,2023-03-03,2023-03-08,billing,closed,low,5
83,39,2023-04-02,2023-04-08,technical,in_progress,medium,6
84,41,2023-02-01,2023-02-02,technical,in_progress,high,1
85,42,2023-02-01,2023-02-11,billing,resolved,high,10
86,42,2023-03-03,2023-03-10,product,resolved,low,7
87,42,2023-04-02,2023-04-10,billing,resolved,medium,8
88,42,2023-05-02,2023-05-04,product,closed,high,2
89,44,2023-02-01,2023-02-05,billing,closed,high,4
90,44,2023-03-03,2023-03-14,other,closed,urgent,11
91,44,2023-04-02,2023-04-14,product,open,high,12
92,46,2023-02-01,2023-02-12,shipping,closed,high,11
93,46,2023-03-03,2023-03-10,technical,in_progress,high,7
94,46,2023-04-02,2023-04-03,other,resolved,high,1
95,47,2023-02-01,2023-02-13,product,open,urgent,12
96,47,2023-03-03,2023-03-15,other,resolved,low,12
97,47,2023-04-02,2023-04-04,shipping,closed,low,2
98,48,2023-02-01,2023-02-04,technical,resolved,low,3
99,48,2023-03-03,2023-03-13,product,open,medium,10
100,48,2023-04-02,2023-04-13,billing,resolved,low,11
101,48,2023-05-02,2023-05-06,shipping,in_progress,urgent,4
102,49,2023-02-01,2023-02-07,other,resolved,high,6
103,49,2023-03-03,2023-03-06,billing,closed,low,3
104,49,2023-04-02,2023-04-10,shipping,resolved,medium,8
105,49,2023-05-02,2023-05-05,product,open,urgent,3
106,51,2023-02-01,2023-02-12,product,resolved,urgent,11
107,51,2023-03-03,2023-03-13,other,open,medium,10
108,51,2023-04-02,2023-04-03,shipping,in_progress,low,1
109,51,2023-05-02,2023-05-08,product,in_progress,low,6
110,54,2023-02-01,2023-02-10,technical,in_progress,low,9
111,54,2023-03-03,2023-03-13,technical,resolved,low,10
112,54,2023-04-02,2023-04-04,other,resolved,high,2
113,54,2023-05-02,2023-05-12,other,open,urgent,10
114,55,2023-02-01,2023-02-06,other,closed,high,5
115,56,2023-02-01,2023-02-07,shipping,open,urgent,6
116,56,2023-03-03,2023-03-04,product,in_progress,urgent,1
117,56,2023-04-02,2023-04-07,product,in_progress,high,5
118,56,2023-05-02,2023-05-10,billing,open,urgent,8
119,59,2023-02-01,2023-02-11,product,closed,medium,10
120,59,2023-03-03,2023-03-09,billing,in_progress,urgent,6
121,61,2023-02-01,2023-02-11,other,in_progress,low,10
122,61,2023-03-03,2023-03-12,billing,closed,medium,9
123,61,2023-04-02,2023-04-07,product,resolved,medium,5
124,61,2023-05-02,2023-05-08,billing,open,low,6
125,62,2023-02-01,2023-02-11,shipping,closed,urgent,10
126,62,2023-03-03,2023-03-11,other,in_progress,medium,8
127,62,2023-04-02,2023-04-10,technical,resolved,low,8
128,63,2023-02-01,2023-02-14,billing,resolved,urgent,13
129,65,2023-02-01,2023-02-03,product,in_progress,urgent,2
130,65,2023-03-03,2023-03-08,other,closed,high,5
131,65,2023-04-02,2023-04-10,billing,in_progress,medium,8
132,69,2023-02-01,2023-02-13,shipping,open,high,12
133,70,2023-02-01,2023-02-06,other,resolved,urgent,5
134,70,2023-03-03,2023-03-09,product,open,high,6
135,70,2023-04-02,2023-04-11,technical,in_progress,low,9
136,72,2023-02-01,2023-02-08,other,in_progress,urgent,7
137,73,2023-02-01,2023-02-05,technical,closed,medium,4
138,74,2023-02-01,2023-02-14,other,closed,medium,13
139,74,2023-03-03,2023-03-10,product,resolved,urgent,7
140,74,2023-04-02,2023-04-07,billing,resolved,low,5
141,75,2023-02-01,2023-02-12,shipping,in_progress,high,11
142,75,2023-03-03,2023-03-16,product,closed,urgent,13
143,75,2023-04-02,2023-04-11,technical,closed,urgent,9
144,78,2023-02-01,2023-02-05,billing,in_progress,urgent,4
145,78,2023-03-03,2023-03-05,other,in_progress,urgent,2
146,80,2023-02-01,2023-02-13,billing,closed,low,12
147,80,2023-03-03,2023-03-11,shipping,closed,low,8
148,81,2023-02-01,2023-02-04,billing,resolved,low,3
149,81,2023-03-03,2023-03-08,shipping,in_progress,medium,5
150,81,2023-04-02,2023-04-10,product,closed,medium,8
151,81,2023-05-02,2023-05-11,product,closed,medium,9
152,83,2023-02-01,2023-02-03,technical,in_progress,low,2
153,84,2023-02-01,2023-02-04,technical,resolved,medium,3
154,84,2023-03-03,2023-03-04,billing,resolved,high,1
155,85,2023-02-01,2023-02-05,technical,open,urgent,4
156,86,2023-02-01,2023-02-07,other,resolved,low,6
157,86,2023-03-03,2023-03-06,other,closed,low,3
158,86,2023-04-02,2023-04-04,product,open,low,2
159,87,2023-02-01,2023-02-02,product,closed,high,1
160,87,2023-03-03,2023-03-14,billing,open,urgent,11
161,88,2023-02-01,2023-02-14,product,resolved,medium,13
162,88,2023-03-03,2023-03-11,technical,in_progress,high,8
163,88,2023-04-02,2023-04-06,billing,resolved,urgent,4
164,88,2023-05-02,2023-05-07,technical,closed,medium,5
165,89,2023-02-01,2023-02-05,other,closed,low,4
166,90,2023-02-01,2023-02-04,technical,resolved,medium,3
167,90,2023-03-03,2023-03-12,shipping,in_progress,medium,9
168,91,2023-02-01,2023-02-10,product,resolved,urgent,9
169,91,2023-03-03,2023-03-10,billing,open,low,7
170,91,2023-04-02,2023-04-03,shipping,closed,low,1
171,91,2023-05-02,2023-05-08,product,closed,medium,6
172,92,2023-02-01,2023-02-04,shipping,resolved,low,3
173,92,2023-03-03,2023-03-16,product,resolved,low,13
174,92,2023-04-02,2023-04-11,other,in_progress,urgent,9
175,92,2023-05-02,2023-05-13,billing,closed,high,11
176,93,2023-02-01,2023-02-04,product,open,medium,3
177,93,2023-03-03,2023-03-13,product,in_progress,urgent,10
178,93,2023-04-02,2023-04-08,product,in_progress,medium,6
179,93,2023-05-02,2023-05-05,technical,open,high,3
180,94,2023-02-01,2023-02-05,product,in_progress,high,4
181,94,2023-03-03,2023-03-12,product,closed,medium,9
182,94,2023-04-02,2023-04-06,other,resolved,medium,4
183,94,2023-05-02,2023-05-04,billing,open,high,2
184,95,2023-02-01,2023-02-11,product,closed,low,10
185,95,2023-03-03,2023-03-14,product,open,high,11
186,95,2023-04-02,2023-04-12,other,in_progress,high,10
187,95,2023-05-02,2023-05-07,technical,in_progress,medium,5
188,96,2023-02-01,2023-02-04,shipping,resolved,high,3
189,96,2023-03-03,2023-03-14,technical,closed,high,11
190,97,2023-02-01,2023-02-10,other,open,medium,9
191,98,2023-02-01,2023-02-04,other,resolved,high,3
192,99,2023-02-01,2023-02-14,billing,in_progress,high,13
193,99,2023-03-03,2023-03-05,technical,closed,high,2
194,99,2023-04-02,2023-04-14,billing,resolved,medium,12
195,99,2023-05-02,2023-05-07,other,in_progress,urgent,5
196,103,2023-02-01,2023-02-12,technical,in_progress,medium,11
197,103,2023-03-03,2023-03-07,billing,in_progress,high,4
198,105,2023-02-01,2023-02-06,billing,in_progress,low,5
199,105,2023-03-03,2023-03-16,other,resolved,medium,13
200,105,2023-04-02,2023-04-10,product,open,low,8
201,105,2023-05-02,2023-05-06,product,open,urgent,4
202,106,2023-02-01,2023-02-13,billing,open,low,12
203,106,2023-03-03,2023-03-12,technical,in_progress,medium,9
204,107,2023-02-01,2023-02-12,product,closed,high,11
205,107,2023-03-03,2023-03-05,product,closed,urgent,2
206,108,2023-02-01,2023-02-10,billing,closed,high,9
207,108,2023-03-03,2023-03-12,product,open,high,9
208,109,2023-02-01,2023-02-05,other,closed,medium,4
209,109,2023-03-03,2023-03-04,billing,in_progress,urgent,1
210,109,2023-04-02,2023-04-04,other,in_progress,high,2
211,112,2023-02-01,2023-02-12,technical,in_progress,high,11
212,113,2023-02-01,2023-02-09,product,open,high,8
213,113,2023-03-03,2023-03-14,technical,closed,urgent,11
214,113,2023-04-02,2023-04-10,shipping,resolved,medium,8
215,114,2023-02-01,2023-02-07,product,resolved,high,6
216,114,2023-03-03,2023-03-11,product,closed,low,8
217,114,2023-04-02,2023-04-12,other,open,urgent,10
218,115,2023-02-01,2023-02-10,technical,resolved,medium,9
219,116,2023-02-01,2023-02-03,shipping,open,urgent,2
220,117,2023-02-01,2023-02-04,product,closed,high,3
221,117,2023-03-03,2023-03-17,billing,closed,medium,14
222,117,2023-04-02,2023-04-08,shipping,resolved,medium,6
223,117,2023-05-02,2023-05-04,billing,resolved,medium,2
224,118,2023-02-01,2023-02-05,technical,resolved,low,4
225,118,2023-03-03,2023-03-16,technical,in_progress,high,13
226,118,2023-04-02,2023-04-14,billing,resolved,low,12
227,119,2023-02-01,2023-02-05,product,closed,medium,4
228,119,2023-03-03,2023-03-07,shipping,in_progress,medium,4
229,122,2023-02-01,2023-02-11,shipping,in_progress,urgent,10
230,122,2023-03-03,2023-03-07,technical,closed,urgent,4
231,123,2023-02-01,2023-02-11,other,open,urgent,10
232,123,2023-03-03,2023-03-06,shipping,resolved,urgent,3
233,125,2023-02-01,2023-02-12,shipping,resolved,high,11
234,127,2023-02-01,2023-02-14,other,in_progress,medium,13
235,127,2023-03-03,2023-03-13,billing,resolved,low,10
236,127,2023-04-02,2023-04-10,product,open,medium,8
237,128,2023-02-01,2023-02-05,billing,in_progress,low,4
238,129,2023-02-01,2023-02-07,product,resolved,low,6
239,129,2023-03-03,2023-03-06,product,closed,low,3
240,131,2023-02-01,2023-02-09,shipping,resolved,medium,8
241,131,2023-03-03,2023-03-13,billing,resolved,medium,10
242,131,2023-04-02,2023-04-03,billing,open,urgent,1
243,132,2023-02-01,2023-02-14,technical,in_progress,urgent,13
244,132,2023-03-03,2023-03-17,other,closed,low,14
245,133,2023-02-01,2023-02-13,other,open,high,12
246,133,2023-03-03,2023-03-17,other,open,urgent,14
247,133,2023-04-02,2023-04-16,technical,resolved,medium,14
248,133,2023-05-02,2023-05-15,billing,open,urgent,13
249,134,2023-02-01,2023-02-07,shipping,closed,low,6
250,135,2023-02-01,2023-02-12,technical,closed,urgent,11
251,137,2023-02-01,2023-02-13,technical,open,high,12
252,137,2023-03-03,2023-03-13,product,in_progress,medium,10
253,137,2023-04-02,2023-04-07,other,closed,medium,5
254,137,2023-05-02,2023-05-16,billing,resolved,urgent,14
255,138,2023-02-01,2023-02-02,technical,open,urgent,1
256,139,2023-02-01,2023-02-03,shipping,in_progress,medium,2
257,140,2023-02-01,2023-02-05,other,open,medium,4
258,140,2023-03-03,2023-03-07,product,in_progress,low,4
259,140,2023-04-02,2023-04-10,shipping,open,urgent,8
260,141,2023-02-01,2023-02-05,shipping,open,low,4
261,142,2023-02-01,2023-02-07,other,open,low,6
262,142,2023-03-03,2023-03-11,technical,closed,urgent,8
263,143,2023-02-01,2023-02-07,product,open,urgent,6
264,143,2023-03-03,2023-03-17,product,in_progress,urgent,14
265,143,2023-04-02,2023-04-06,product,resolved,low,4
266,143,2023-05-02,2023-05-05,product,closed,medium,3
267,144,2023-02-01,2023-02-06,billing,resolved,medium,5
268,144,2023-03-03,2023-03-13,other,open,high,10
269,144,2023-04-02,2023-04-14,product,in_progress,low,12
270,145,2023-02-01,2023-02-09,product,in_progress,low,8
271,145,2023-03-03,2023-03-09,product,in_progress,low,6
272,145,2023-04-02,2023-04-05,billing,resolved,urgent,3
273,146,2023-02-01,2023-02-02,technical,open,low,1
274,146,2023-03-03,2023-03-12,other,closed,medium,9
275,146,2023-04-02,2023-04-06,billing,open,low,4
276,146,2023-05-02,2023-05-06,product,in_progress,medium,4
277,148,2023-02-01,2023-02-08,technical,resolved,medium,7
278,148,2023-03-03,2023-03-12,product,open,low,9
279,149,2023-02-01,2023-02-05,technical,resolved,low,4
280,149,2023-03-03,2023-03-09,other,in_progress,high,6
281,151,2023-02-01,2023-02-11,product,in_progress,medium,10
282,152,2023-02-01,2023-02-04,other,closed,low,3
283,152,2023-03-03,2023-03-04,product,closed,high,1
284,152,2023-04-02,2023-04-14,technical,closed,high,12
285,152,2023-05-02,2023-05-13,product,open,medium,11
286,153,2023-02-01,2023-02-10,billing,in_progress,urgent,9
287,153,2023-03-03,2023-03-09,product,resolved,low,6
288,154,2023-02-01,2023-02-03,billing,open,high,2
289,154,2023-03-03,2023-03-14,product,closed,high,11
290,155,2023-02-01,2023-02-09,billing,closed,urgent,8
291,156,2023-02-01,2023-02-03,billing,resolved,urgent,2
292,158,2023-02-01,2023-02-12,billing,closed,low,11
293,159,2023-02-01,2023-02-13,shipping,open,high,12
294,159,2023-03-03,2023-03-11,product,in_progress,low,8
295,160,2023-02-01,2023-02-03,product,resolved,low,2
296,160,2023-03-03,2023-03-08,shipping,open,high,5
297,161,2023-02-01,2023-02-09,shipping,open,medium,8
298,161,2023-03-03,2023-03-17,other,in_progress,low,14
299,162,2023-02-01,2023-02-07,technical,open,medium,6
300,163,2023-02-01,2023-02-04,technical,in_progress,urgent,3
301,165,2023-02-01,2023-02-10,billing,resolved,urgent,9
302,165,2023-03-03,2023-03-16,billing,open,urgent,13
303,165,2023-04-02,2023-04-06,product,closed,urgent,4
304,166,2023-02-01,2023-02-07,other,in_progress,medium,6
305,167,2023-02-01,2023-02-15,technical,open,high,14
306,168,2023-02-01,2023-02-09,billing,closed,high,8
307,170,2023-02-01,2023-02-06,technical,open,low,5
308,170,2023-03-03,2023-03-07,technical,resolved,medium,4
309,170,2023-04-02,2023-04-09,other,open,medium,7
310,170,2023-05-02,2023-05-08,other,open,urgent,6
311,171,2023-02-01,2023-02-07,billing,resolved,medium,6
312,171,2023-03-03,2023-03-13,product,resolved,high,10
313,173,2023-02-01,2023-02-03,other,resolved,low,2
314,173,2023-03-03,2023-03-11,technical,in_progress,low,8
315,173,2023-04-02,2023-04-14,technical,resolved,low,12
316,174,2023-02-01,2023-02-10,shipping,closed,medium,9
317,177,2023-02-01,2023-02-10,shipping,open,high,9
318,177,2023-03-03,2023-03-12,technical,resolved,urgent,9
319,178,2023-02-01,2023-02-09,shipping,in_progress,low,8
320,179,2023-02-01,2023-02-11,shipping,closed,high,10
321,179,2023-03-03,2023-03-15,shipping,in_progress,urgent,12
322,179,2023-04-02,2023-04-10,shipping,open,low,8
323,180,2023-02-01,2023-02-15,technical,resolved,high,14
324,180,2023-03-03,2023-03-07,shipping,closed,urgent,4
325,181,2023-02-01,2023-02-15,billing,open,medium,14
326,181,2023-03-03,2023-03-16,technical,open,low,13
327,182,2023-02-01,2023-02-09,shipping,open,medium,8
328,182,2023-03-03,2023-03-07,product,resolved,high,4
329,183,2023-02-01,2023-02-15,technical,closed,urgent,14
330,184,2023-02-01,2023-02-08,billing,resolved,urgent,7
331,184,2023-03-03,2023-03-05,billing,closed,low,2
332,184,2023-04-02,2023-04-11,shipping,open,urgent,9
333,187,2023-02-01,2023-02-03,other,resolved,high,2
334,187,2023-03-03,2023-03-10,billing,in_progress,urgent,7
335,188,2023-02-01,2023-02-04,shipping,in_progress,urgent,3
336,188,2023-03-03,2023-03-14,product,closed,high,11
337,188,2023-04-02,2023-04-03,other,in_progress,low,1
338,189,2023-02-01,2023-02-11,technical,closed,high,10
339,189,2023-03-03,2023-03-15,product,in_progress,urgent,12
340,189,2023-04-02,2023-04-07,shipping,resolved,urgent,5
341,190,2023-02-01,2023-02-07,other,resolved,medium,6
342,190,2023-03-03,2023-03-17,other,resolved,high,14
343,190,2023-04-02,2023-04-12,product,closed,medium,10
344,190,2023-05-02,2023-05-04,other,closed,medium,2
345,191,2023-02-01,2023-02-06,other,open,low,5
346,191,2023-03-03,2023-03-05,product,open,high,2
347,191,2023-04-02,2023-04-14,technical,open,high,12
348,191,2023-05-02,2023-05-14,other,in_progress,medium,12
349,192,2023-02-01,2023-02-05,technical,in_progress,high,4
350,192,2023-03-03,2023-03-10,product,closed,high,7
351,192,2023-04-02,2023-04-10,other,closed,high,8
352,192,2023-05-02,2023-05-14,shipping,resolved,low,12
353,194,2023-02-01,2023-02-04,other,open,low,3
354,194,2023-03-03,2023-03-16,product,closed,low,13
355,194,2023-04-02,2023-04-07,other,in_progress,low,5
356,194,2023-05-02,2023-05-13,technical,in_progress,high,11
357,196,2023-02-01,2023-02-04,billing,in_progress,urgent,3
358,196,2023-03-03,2023-03-12,product,in_progress,high,9
359,196,2023-04-02,2023-04-13,technical,in_progress,low,11
360,198,2023-02-01,2023-02-15,technical,resolved,low,14
361,198,2023-03-03,2023-03-10,technical,closed,low,7
362,202,2023-02-01,2023-02-04,product,in_progress,urgent,3
363,202,2023-03-03,2023-03-06,technical,open,high,3
364,202,2023-04-02,2023-04-08,product,open,low,6
365,203,2023-02-01,2023-02-06,technical,resolved,high,5
366,203,2023-03-03,2023-03-04,product,resolved,low,1
367,204,2023-02-01,2023-02-15,other,in_progress,urgent,14
368,204,2023-03-03,2023-03-12,product,open,low,9
369,204,2023-04-02,2023-04-07,technical,closed,medium,5
370,204,2023-05-02,2023-05-16,other,open,medium,14
371,205,2023-02-01,2023-02-12,billing,closed,urgent,11
372,205,2023-03-03,2023-03-13,product,open,low,10
373,207,2023-02-01,2023-02-07,other,in_progress,medium,6
374,207,2023-03-03,2023-03-05,technical,open,low,2
375,207,2023-04-02,2023-04-10,other,resolved,high,8
376,207,2023-05-02,2023-05-16,technical,closed,medium,14
377,208,2023-02-01,2023-02-11,other,in_progress,low,10
378,208,2023-03-03,2023-03-16,other,open,urgent,13
379,208,2023-04-02,2023-04-14,technical,closed,medium,12
380,210,2023-02-01,2023-02-12,technical,in_progress,low,11
381,210,2023-03-03,2023-03-13,other,in_progress,medium,10
382,210,2023-04-02,2023-04-11,technical,resolved,medium,9
383,210,2023-05-02,2023-05-10,product,resolved,low,8
384,214,2023-02-01,2023-02-13,technical,open,urgent,12
385,215,2023-02-01,2023-02-02,other,in_progress,urgent,1
386,215,2023-03-03,2023-03-16,shipping,resolved,low,13
387,216,2023-02-01,2023-02-10,product,open,low,9
388,217,2023-02-01,2023-02-03,technical,in_progress,medium,2
389,217,2023-03-03,2023-03-10,product,in_progress,urgent,7
390,217,2023-04-02,2023-04-08,billing,closed,urgent,6
391,217,2023-05-02,2023-05-03,technical,closed,high,1
392,220,2023-02-01,2023-02-08,billing,open,urgent,7
393,220,2023-03-03,2023-03-04,billing,closed,medium,1
394,220,2023-04-02,2023-04-10,billing,in_progress,high,8
395,220,2023-05-02,2023-05-07,product,closed,high,5
396,222,2023-02-01,2023-02-11,other,resolved,medium,10
397,222,2023-03-03,2023-03-08,technical,in_progress,medium,5
398,222,2023-04-02,2023-04-16,shipping,resolved,urgent,14
399,222,2023-05-02,2023-05-09,billing,resolved,medium,7
400,223,2023-02-01,2023-02-03,technical,open,medium,2
401,223,2023-03-03,2023-03-09,shipping,resolved,high,6
402,223,2023-04-02,2023-04-07,shipping,closed,low,5
403,224,2023-02-01,2023-02-11,shipping,open,high,10
404,224,2023-03-03,2023-03-15,technical,in_progress,urgent,12
405,224,2023-04-02,2023-04-03,other,open,low,1
406,224,2023-05-02,2023-05-06,technical,closed,urgent,4
407,225,2023-02-01,2023-02-11,product,closed,medium,10
408,225,2023-03-03,2023-03-07,billing,in_progress,low,4
409,225,2023-04-02,2023-04-03,product,resolved,urgent,1
410,225,2023-05-02,2023-05-11,product,open,urgent,9
411,227,2023-02-01,2023-02-08,other,open,high,7
412,227,2023-03-03,2023-03-17,billing,resolved,urgent,14
413,227,2023-04-02,2023-04-14,other,resolved,low,12
414,228,2023-02-01,2023-02-04,other,closed,medium,3
415,228,2023-03-03,2023-03-11,technical,resolved,low,8
416,228,2023-04-02,2023-04-04,product,resolved,high,2
417,228,2023-05-02,2023-05-10,shipping,in_progress,medium,8
418,229,2023-02-01,2023-02-14,other,in_progress,low,13
419,233,2023-02-01,2023-02-15,shipping,in_progress,low,14
420,233,2023-03-03,2023-03-06,other,closed,high,3
421,233,2023-04-02,2023-04-13,other,in_progress,medium,11
422,233,2023-05-02,2023-05-14,other,in_progress,urgent,12
423,234,2023-02-01,2023-02-14,product,resolved,medium,13
424,234,2023-03-03,2023-03-16,technical,resolved,medium,13
425,234,2023-04-02,2023-04-12,product,in_progress,medium,10
426,234,2023-05-02,2023-05-11,other,resolved,high,9
427,235,2023-02-01,2023-02-15,billing,closed,low,14
428,235,2023-03-03,2023-03-12,billing,closed,urgent,9
429,236,2023-02-01,2023-02-11,product,resolved,urgent,10
430,236,2023-03-03,2023-03-14,product,closed,low,11
431,239,2023-02-01,2023-02-15,product,open,urgent,14
432,239,2023-03-03,2023-03-09,shipping,closed,high,6
433,239,2023-04-02,2023-04-11,product,open,urgent,9
434,241,2023-02-01,2023-02-02,billing,closed,medium,1
435,242,2023-02-01,2023-02-06,other,resolved,low,5
436,242,2023-03-03,2023-03-06,billing,closed,low,3
437,242,2023-04-02,2023-04-06,technical,in_progress,urgent,4
438,242,2023-05-02,2023-05-10,billing,closed,high,8
439,243,2023-02-01,2023-02-11,billing,resolved,low,10
440,245,2023-02-01,2023-02-10,billing,open,medium,9
441,245,2023-03-03,2023-03-11,other,in_progress,low,8
442,245,2023-04-02,2023-04-06,shipping,closed,urgent,4
443,246,2023-02-01,2023-02-15,other,closed,urgent,14
444,247,2023-02-01,2023-02-09,billing,resolved,medium,8
445,249,2023-02-01,2023-02-03,technical,open,urgent,2
446,249,2023-03-03,2023-03-08,technical,open,high,5
447,250,2023-02-01,2023-02-07,shipping,in_progress,medium,6
448,250,2023-03-03,2023-03-14,technical,in_progress,low,11
449,251,2023-02-01,2023-02-15,shipping,resolved,low,14
450,251,2023-03-03,2023-03-12,shipping,in_progress,medium,9
451,251,2023-04-02,2023-04-05,product,in_progress,low,3
452,251,2023-05-02,2023-05-07,product,open,high,5
453,253,2023-02-01,2023-02-10,shipping,closed,high,9
454,254,2023-02-01,2023-02-08,billing,open,urgent,7
455,254,2023-03-03,2023-03-15,technical,open,urgent,12
456,254,2023-04-02,2023-04-14,product,in_progress,low,12
457,256,2023-02-01,2023-02-09,product,open,urgent,8
458,256,2023-03-03,2023-03-11,product,resolved,medium,8
459,256,2023-04-02,2023-04-12,billing,in_progress,low,10
460,257,2023-02-01,2023-02-02,technical,in_progress,medium,1
461,258,2023-02-01,2023-02-05,technical,open,urgent,4
462,258,2023-03-03,2023-03-10,billing,open,low,7
463,258,2023-04-02,2023-04-10,product,in_progress,high,8
464,259,2023-02-01,2023-02-12,billing,open,low,11
465,261,2023-02-01,2023-02-08,other,closed,medium,7
466,261,2023-03-03,2023-03-16,shipping,closed,medium,13
467,263,2023-02-01,2023-02-11,technical,resolved,low,10
468,263,2023-03-03,2023-03-11,product,open,urgent,8
469,263,2023-04-02,2023-04-09,billing,closed,high,7
470,265,2023-02-01,2023-02-06,billing,open,medium,5
471,268,2023-02-01,2023-02-09,technical,in_progress,medium,8
472,269,2023-02-01,2023-02-10,shipping,open,low,9
473,270,2023-02-01,2023-02-10,shipping,resolved,high,9
474,272,2023-02-01,2023-02-04,other,open,high,3
475,273,2023-02-01,2023-02-05,product,closed,high,4
476,273,2023-03-03,2023-03-16,shipping,closed,urgent,13
477,273,2023-04-02,2023-04-15,other,open,medium,13
478,274,2023-02-01,2023-02-12,technical,in_progress,low,11
479,274,2023-03-03,2023-03-17,product,open,urgent,14
480,274,2023-04-02,2023-04-06,billing,resolved,high,4
481,277,2023-02-01,2023-02-11,other,closed,low,10
482,277,2023-03-03,2023-03-14,product,closed,urgent,11
483,277,2023-04-02,2023-04-12,billing,in_progress,low,10
484,277,2023-05-02,2023-05-03,shipping,resolved,low,1
485,278,2023-02-01,2023-02-08,shipping,resolved,low,7
486,280,2023-02-01,2023-02-05,shipping,open,low,4
487,280,2023-03-03,2023-03-04,technical,closed,low,1
488,281,2023-02-01,2023-02-14,other,open,urgent,13
489,281,2023-03-03,2023-03-13,technical,open,high,10
490,281,2023-04-02,2023-04-03,shipping,open,high,1
491,281,2023-05-02,2023-05-07,product,in_progress,high,5
492,282,2023-02-01,2023-02-11,billing,resolved,high,10
493,283,2023-02-01,2023-02-05,product,resolved,low,4
494,283,2023-03-03,2023-03-15,other,closed,urgent,12
495,283,2023-04-02,2023-04-03,technical,in_progress,medium,1
496,285,2023-02-01,2023-02-08,technical,open,urgent,7
497,286,2023-02-01,2023-02-13,billing,open,high,12
498,286,2023-03-03,2023-03-05,other,in_progress,high,2
499,286,2023-04-02,2023-04-07,technical,in_progress,urgent,5
500,286,2023-05-02,2023-05-12,technical,closed,low,10
501,287,2023-02-01,2023-02-12,billing,in_progress,medium,11
502,287,2023-03-03,2023-03-17,product,open,urgent,14
503,287,2023-04-02,2023-04-15,shipping,closed,low,13
504,287,2023-05-02,2023-05-16,technical,closed,medium,14
505,288,2023-02-01,2023-02-04,shipping,in_progress,urgent,3
506,288,2023-03-03,2023-03-06,product,open,high,3
507,289,2023-02-01,2023-02-14,billing,resolved,medium,13
508,291,2023-02-01,2023-02-14,technical,closed,high,13
509,291,2023-03-03,2023-03-09,shipping,closed,high,6
510,291,2023-04-02,2023-04-14,shipping,closed,urgent,12
511,292,2023-02-01,2023-02-10,product,open,high,9
512,293,2023-02-01,2023-02-08,shipping,open,low,7
513,293,2023-03-03,2023-03-06,technical,closed,urgent,3
514,293,2023-04-02,2023-04-16,other,open,urgent,14
515,293,2023-05-02,2023-05-14,technical,closed,medium,12
516,294,2023-02-01,2023-02-09,billing,open,medium,8
517,294,2023-03-03,2023-03-06,billing,in_progress,medium,3
518,294,2023-04-02,2023-04-12,other,in_progress,urgent,10
519,294,2023-05-02,2023-05-07,other,closed,high,5
520,295,2023-02-01,2023-02-05,other,open,high,4
521,295,2023-03-03,2023-03-10,product,closed,urgent,7
522,295,2023-04-02,2023-04-05,technical,in_progress,high,3
523,296,2023-02-01,2023-02-06,billing,resolved,medium,5
524,296,2023-03-03,2023-03-17,billing,resolved,medium,14
525,296,2023-04-02,2023-04-05,product,open,high,3
526,298,2023-02-01,2023-02-09,other,in_progress,high,8
527,300,2023-02-01,2023-02-15,other,resolved,low,14
528,300,2023-03-03,2023-03-07,billing,resolved,low,4
529,300,2023-04-02,2023-04-16,billing,closed,high,14
530,301,2023-02-01,2023-02-11,shipping,closed,high,10
531,301,2023-03-03,2023-03-11,billing,open,high,8
532,301,2023-04-02,2023-04-08,technical,resolved,low,6
533,302,2023-02-01,2023-02-12,technical,open,medium,11
534,302,2023-03-03,2023-03-05,billing,closed,low,2
535,306,2023-02-01,2023-02-04,product,closed,high,3
536,306,2023-03-03,2023-03-10,technical,open,low,7
537,306,2023-04-02,2023-04-15,billing,open,low,13
538,308,2023-02-01,2023-02-04,shipping,in_progress,high,3
539,308,2023-03-03,2023-03-13,shipping,open,medium,10
540,308,2023-04-02,2023-04-04,shipping,closed,urgent,2
541,308,2023-05-02,2023-05-09,shipping,in_progress,low,7
542,309,2023-02-01,2023-02-07,product,open,low,6
543,309,2023-03-03,2023-03-05,shipping,open,medium,2
544,310,2023-02-01,2023-02-11,shipping,closed,urgent,10
545,310,2023-03-03,2023-03-17,product,closed,low,14
546,311,2023-02-01,2023-02-04,product,in_progress,high,3
547,311,2023-03-03,2023-03-11,other,open,medium,8
548,311,2023-04-02,2023-04-07,product,resolved,urgent,5
549,311,2023-05-02,2023-05-16,shipping,open,low,14
550,312,2023-02-01,2023-02-14,technical,resolved,low,13
551,312,2023-03-03,2023-03-11,billing,in_progress,low,8
552,312,2023-04-02,2023-04-07,billing,open,low,5
553,313,2023-02-01,2023-02-15,product,closed,medium,14
554,313,2023-03-03,2023-03-04,technical,resolved,medium,1
555,313,2023-04-02,2023-04-07,product,open,low,5
556,313,2023-05-02,2023-05-14,product,resolved,low,12
557,314,2023-02-01,2023-02-15,product,in_progress,high,14
558,315,2023-02-01,2023-02-12,shipping,in_progress,urgent,11
559,315,2023-03-03,2023-03-05,shipping,closed,urgent,2
560,316,2023-02-01,2023-02-13,product,open,urgent,12
561,316,2023-03-03,2023-03-12,billing,resolved,low,9
562,316,2023-04-02,2023-04-03,billing,in_progress,urgent,1
563,316,2023-05-02,2023-05-06,shipping,open,high,4
564,318,2023-02-01,2023-02-12,product,open,low,11
565,320,2023-02-01,2023-02-11,other,open,low,10
566,320,2023-03-03,2023-03-06,billing,resolved,medium,3
567,320,2023-04-02,2023-04-11,shipping,closed,high,9
568,320,2023-05-02,2023-05-07,other,closed,medium,5
569,321,2023-02-01,2023-02-08,shipping,resolved,medium,7
570,322,2023-02-01,2023-02-14,shipping,closed,low,13
571,323,2023-02-01,2023-02-11,technical,open,medium,10
572,324,2023-02-01,2023-02-08,billing,resolved,urgent,7
573,324,2023-03-03,2023-03-11,technical,closed,high,8
574,325,2023-02-01,2023-02-03,shipping,closed,low,2
575,325,2023-03-03,2023-03-05,other,closed,low,2
576,325,2023-04-02,2023-04-13,other,resolved,low,11
577,325,2023-05-02,2023-05-06,product,in_progress,medium,4
578,326,2023-02-01,2023-02-08,shipping,closed,low,7
579,327,2023-02-01,2023-02-15,product,closed,medium,14
580,328,2023-02-01,2023-02-07,other,in_progress,medium,6
581,328,2023-03-03,2023-03-15,billing,in_progress,low,12
582,328,2023-04-02,2023-04-11,shipping,open,urgent,9
583,328,2023-05-02,2023-05-08,technical,closed,low,6
584,329,2023-02-01,2023-02-14,other,resolved,high,13
585,331,2023-02-01,2023-02-13,shipping,open,urgent,12
586,331,2023-03-03,2023-03-17,shipping,resolved,urgent,14
587,335,2023-02-01,2023-02-05,other,open,high,4
588,335,2023-03-03,2023-03-17,shipping,in_progress,high,14
589,335,2023-04-02,2023-04-03,billing,open,high,1
590,336,2023-02-01,2023-02-02,other,resolved,high,1
591,336,2023-03-03,2023-03-05,other,closed,low,2
592,336,2023-04-02,2023-04-04,other,closed,urgent,2
593,336,2023-05-02,2023-05-08,shipping,in_progress,high,6
594,337,2023-02-01,2023-02-07,other,in_progress,high,6
595,337,2023-03-03,2023-03-09,other,open,medium,6
596,337,2023-04-02,2023-04-07,billing,in_progress,medium,5
597,337,2023-05-02,2023-05-15,shipping,closed,medium,13
598,338,2023-02-01,2023-02-04,technical,closed,urgent,3
599,338,2023-03-03,2023-03-04,other,closed,urgent,1
600,338,2023-04-02,2023-04-11,technical,open,urgent,9
601,339,2023-02-01,2023-02-11,shipping,in_progress,urgent,10
602,339,2023-03-03,2023-03-07,billing,resolved,high,4
603,339,2023-04-02,2023-04-10,billing,open,urgent,8
604,340,2023-02-01,2023-02-08,product,open,urgent,7
605,340,2023-03-03,2023-03-08,product,open,low,5
606,341,2023-02-01,2023-02-10,technical,closed,high,9
607,341,2023-03-03,2023-03-05,product,resolved,low,2
608,341,2023-04-02,2023-04-09,product,resolved,low,7
609,342,2023-02-01,2023-02-07,technical,resolved,low,6
610,342,2023-03-03,2023-03-06,billing,in_progress,urgent,3
611,342,2023-04-02,2023-04-09,other,closed,urgent,7
612,342,2023-05-02,2023-05-06,billing,resolved,low,4
613,344,2023-02-01,2023-02-09,other,closed,high,8
614,346,2023-02-01,2023-02-02,shipping,resolved,low,1
615,346,2023-03-03,2023-03-17,product,open,high,14
616,346,2023-04-02,2023-04-05,other,closed,high,3
617,347,2023-02-01,2023-02-12,billing,resolved,high,11
618,347,2023-03-03,2023-03-06,other,resolved,high,3
619,348,2023-02-01,2023-02-15,other,open,medium,14
620,348,2023-03-03,2023-03-17,shipping,open,medium,14
621,350,2023-02-01,2023-02-08,product,open,urgent,7
622,350,2023-03-03,2023-03-09,product,open,high,6
623,350,2023-04-02,2023-04-14,billing,closed,low,12
624,356,2023-02-01,2023-02-08,product,closed,urgent,7
625,356,2023-03-03,2023-03-05,technical,closed,medium,2
626,357,2023-02-01,2023-02-02,shipping,closed,medium,1
627,357,2023-03-03,2023-03-04,technical,open,urgent,1
628,358,2023-02-01,2023-02-09,shipping,resolved,high,8
629,358,2023-03-03,2023-03-16,other,open,high,13
630,359,2023-02-01,2023-02-14,shipping,in_progress,medium,13
631,359,2023-03-03,2023-03-16,other,resolved,urgent,13
632,359,2023-04-02,2023-04-05,product,closed,medium,3
633,360,2023-02-01,2023-02-11,product,in_progress,medium,10
634,360,2023-03-03,2023-03-13,technical,closed,low,10
635,360,2023-04-02,2023-04-15,product,closed,medium,13
636,361,2023-02-01,2023-02-13,technical,closed,high,12
637,361,2023-03-03,2023-03-09,billing,in_progress,medium,6
638,361,2023-04-02,2023-04-04,shipping,in_progress,medium,2
639,361,2023-05-02,2023-05-11,shipping,resolved,high,9
640,363,2023-02-01,2023-02-08,technical,in_progress,urgent,7
641,363,2023-03-03,2023-03-05,technical,open,high,2
642,363,2023-04-02,2023-04-11,product,open,urgent,9
643,363,2023-05-02,2023-05-03,billing,closed,medium,1
644,364,2023-02-01,2023-02-09,other,closed,urgent,8
645,365,2023-02-01,2023-02-04,shipping,open,medium,3
646,365,2023-03-03,2023-03-09,billing,open,medium,6
647,367,2023-02-01,2023-02-04,product,in_progress,high,3
648,367,2023-03-03,2023-03-09,technical,in_progress,urgent,6
649,367,2023-04-02,2023-04-11,other,open,low,9
650,367,2023-05-02,2023-05-08,other,resolved,high,6
651,369,2023-02-01,2023-02-08,shipping,open,medium,7
652,369,2023-03-03,2023-03-17,technical,open,medium,14
653,369,2023-04-02,2023-04-08,product,in_progress,urgent,6
654,369,2023-05-02,2023-05-15,technical,resolved,urgent,13
655,370,2023-02-01,2023-02-13,shipping,closed,urgent,12
656,370,2023-03-03,2023-03-13,shipping,resolved,high,10
657,371,2023-02-01,2023-02-12,product,resolved,medium,11
658,371,2023-03-03,2023-03-11,product,open,high,8
659,371,2023-04-02,2023-04-15,other,in_progress,medium,13
660,371,2023-05-02,2023-05-14,technical,closed,low,12
661,374,2023-02-01,2023-02-11,technical,in_progress,high,10
662,374,2023-03-03,2023-03-04,billing,resolved,low,1
663,374,2023-04-02,2023-04-03,other,in_progress,high,1
664,375,2023-02-01,2023-02-03,shipping,open,high,2
665,375,2023-03-03,2023-03-05,shipping,open,urgent,2
666,375,2023-04-02,2023-04-14,other,closed,low,12
667,375,2023-05-02,2023-05-10,other,resolved,high,8
668,376,2023-02-01,2023-02-03,shipping,closed,medium,2
669,376,2023-03-03,2023-03-12,product,in_progress,urgent,9
670,376,2023-04-02,2023-04-11,shipping,open,high,9
671,378,2023-02-01,2023-02-09,billing,closed,low,8
672,378,2023-03-03,2023-03-15,product,in_progress,urgent,12
673,379,2023-02-01,2023-02-10,shipping,open,low,9
674,379,2023-03-03,2023-03-15,product,resolved,urgent,12
675,379,2023-04-02,2023-04-13,technical,open,urgent,11
676,379,2023-05-02,2023-05-08,other,closed,high,6
677,380,2023-02-01,2023-02-05,billing,open,low,4
678,380,2023-03-03,2023-03-09,product,closed,low,6
679,380,2023-04-02,2023-04-09,technical,closed,medium,7
680,381,2023-02-01,2023-02-09,billing,open,medium,8
681,381,2023-03-03,2023-03-06,technical,in_progress,medium,3
682,384,2023-02-01,2023-02-06,billing,in_progress,medium,5
683,384,2023-03-03,2023-03-10,billing,open,medium,7
684,384,2023-04-02,2023-04-11,product,resolved,low,9
685,385,2023-02-01,2023-02-03,product,open,high,2
686,385,2023-03-03,2023-03-07,shipping,closed,medium,4
687,386,2023-02-01,2023-02-04,other,open,low,3
688,386,2023-03-03,2023-03-11,product,in_progress,low,8
689,386,2023-04-02,2023-04-15,shipping,closed,high,13
690,386,2023-05-02,2023-05-04,product,open,high,2
691,387,2023-02-01,2023-02-13,billing,open,medium,12
692,390,2023-02-01,2023-02-07,other,in_progress,urgent,6
693,391,2023-02-01,2023-02-09,other,in_progress,urgent,8
694,394,2023-02-01,2023-02-08,product,closed,low,7
695,394,2023-03-03,2023-03-06,technical,closed,low,3
696,396,2023-02-01,2023-02-08,product,in_progress,high,7
697,396,2023-03-03,2023-03-10,billing,closed,medium,7
698,399,2023-02-01,2023-02-03,product,open,high,2
699,399,2023-03-03,2023-03-15,technical,closed,low,12
700,399,2023-04-02,2023-04-09,technical,closed,urgent,7
701,400,2023-02-01,2023-02-08,other,open,medium,7
702,401,2023-02-01,2023-02-08,technical,open,urgent,7
703,401,2023-03-03,2023-03-05,shipping,in_progress,urgent,2
704,401,2023-04-02,2023-04-15,billing,open,low,13
705,402,2023-02-01,2023-02-07,other,open,high,6
706,402,2023-03-03,2023-03-11,product,resolved,high,8
707,403,2023-02-01,2023-02-14,other,resolved,medium,13
708,403,2023-03-03,2023-03-16,other,closed,low,13
709,403,2023-04-02,2023-04-03,product,closed,urgent,1
710,404,2023-02-01,2023-02-12,billing,closed,high,11
711,404,2023-03-03,2023-03-11,product,resolved,medium,8
712,404,2023-04-02,2023-04-13,billing,open,low,11
713,404,2023-05-02,2023-05-14,shipping,in_progress,high,12
714,405,2023-02-01,2023-02-15,technical,resolved,low,14
715,405,2023-03-03,2023-03-10,other,in_progress,high,7
716,405,2023-04-02,2023-04-16,other,closed,urgent,14
717,405,2023-05-02,2023-05-12,other,in_progress,medium,10
718,406,2023-02-01,2023-02-03,other,closed,low,2
719,406,2023-03-03,2023-03-07,billing,open,medium,4
720,406,2023-04-02,2023-04-13,shipping,resolved,medium,11
721,407,2023-02-01,2023-02-06,shipping,in_progress,urgent,5
722,407,2023-03-03,2023-03-14,shipping,closed,high,11
723,407,2023-04-02,2023-04-09,shipping,open,high,7
724,408,2023-02-01,2023-02-14,shipping,open,urgent,13
725,408,2023-03-03,2023-03-10,other,resolved,high,7
726,408,2023-04-02,2023-04-06,product,closed,low,4
727,408,2023-05-02,2023-05-09,shipping,in_progress,urgent,7
728,409,2023-02-01,2023-02-13,technical,resolved,medium,12
729,410,2023-02-01,2023-02-13,product,open,medium,12
730,410,2023-03-03,2023-03-07,technical,in_progress,low,4
731,411,2023-02-01,2023-02-09,other,resolved,medium,8
732,411,2023-03-03,2023-03-05,technical,open,medium,2
733,411,2023-04-02,2023-04-08,other,closed,low,6
734,414,2023-02-01,2023-02-11,shipping,in_progress,urgent,10
735,414,2023-03-03,2023-03-16,product,open,medium,13
736,415,2023-02-01,2023-02-15,shipping,closed,high,14
737,415,2023-03-03,2023-03-08,product,open,high,5
738,416,2023-02-01,2023-02-10,product,closed,urgent,9
739,416,2023-03-03,2023-03-16,technical,resolved,high,13
740,416,2023-04-02,2023-04-12,product,resolved,urgent,10
741,416,2023-05-02,2023-05-15,product,in_progress,medium,13
742,417,2023-02-01,2023-02-14,billing,resolved,high,13
743,419,2023-02-01,2023-02-08,product,closed,high,7
744,419,2023-03-03,2023-03-06,product,resolved,high,3
745,419,2023-04-02,2023-04-13,product,open,high,11
746,419,2023-05-02,2023-05-08,other,resolved,high,6
747,420,2023-02-01,2023-02-04,technical,resolved,urgent,3
748,420,2023-03-03,2023-03-16,product,resolved,low,13
749,420,2023-04-02,2023-04-11,technical,resolved,high,9
750,420,2023-05-02,2023-05-12,product,open,urgent,10
751,422,2023-02-01,2023-02-03,product,open,medium,2
752,422,2023-03-03,2023-03-11,shipping,open,high,8
753,424,2023-02-01,2023-02-04,technical,closed,low,3
754,424,2023-03-03,2023-03-14,billing,open,low,11
755,424,2023-04-02,2023-04-15,product,open,high,13
756,425,2023-02-01,2023-02-06,technical,closed,urgent,5
757,425,2023-03-03,2023-03-14,billing,resolved,low,11
758,425,2023-04-02,2023-04-05,shipping,resolved,urgent,3
759,425,2023-05-02,2023-05-10,shipping,resolved,medium,8
760,426,2023-02-01,2023-02-08,technical,closed,low,7
761,426,2023-03-03,2023-03-08,product,open,high,5
762,427,2023-02-01,2023-02-03,shipping,resolved,urgent,2
763,431,2023-02-01,2023-02-06,product,closed,urgent,5
764,431,2023-03-03,2023-03-12,shipping,in_progress,medium,9
765,431,2023-04-02,2023-04-12,technical,in_progress,medium,10
766,431,2023-05-02,2023-05-04,product,resolved,medium,2
767,432,2023-02-01,2023-02-09,other,resolved,medium,8
768,435,2023-02-01,2023-02-11,billing,in_progress,high,10
769,435,2023-03-03,2023-03-06,shipping,resolved,medium,3
770,436,2023-02-01,2023-02-14,product,closed,medium,13
771,436,2023-03-03,2023-03-11,billing,in_progress,medium,8
772,436,2023-04-02,2023-04-03,other,closed,medium,1
773,436,2023-05-02,2023-05-06,shipping,resolved,high,4
774,439,2023-02-01,2023-02-07,technical,in_progress,low,6
775,439,2023-03-03,2023-03-07,billing,resolved,urgent,4
776,442,2023-02-01,2023-02-10,other,closed,low,9
777,443,2023-02-01,2023-02-07,technical,resolved,low,6
778,443,2023-03-03,2023-03-17,shipping,resolved,high,14
779,443,2023-04-02,2023-04-03,product,resolved,low,1
780,443,2023-05-02,2023-05-12,other,closed,high,10
781,444,2023-02-01,2023-02-06,shipping,in_progress,urgent,5
782,444,2023-03-03,2023-03-08,technical,open,medium,5
783,444,2023-04-02,2023-04-13,shipping,closed,medium,11
784,444,2023-05-02,2023-05-10,billing,closed,medium,8
785,445,2023-02-01,2023-02-13,other,resolved,low,12
786,445,2023-03-03,2023-03-07,shipping,resolved,high,4
787,445,2023-04-02,2023-04-03,billing,in_progress,urgent,1
788,446,2023-02-01,2023-02-03,other,open,high,2
789,447,2023-02-01,2023-02-11,shipping,in_progress,high,10
790,447,2023-03-03,2023-03-15,other,closed,medium,12
791,447,2023-04-02,2023-04-05,other,open,medium,3
792,447,2023-05-02,2023-05-09,technical,resolved,high,7
793,448,2023-02-01,2023-02-05,billing,open,high,4
794,449,2023-02-01,2023-02-05,product,open,urgent,4
795,449,2023-03-03,2023-03-13,billing,closed,medium,10
796,450,2023-02-01,2023-02-07,billing,resolved,medium,6
797,451,2023-02-01,2023-02-04,technical,closed,medium,3
798,452,2023-02-01,2023-02-14,other,closed,medium,13
799,452,2023-03-03,2023-03-17,shipping,closed,medium,14
800,453,2023-02-01,2023-02-09,other,open,low,8
801,455,2023-02-01,2023-02-08,other,closed,low,7
802,455,2023-03-03,2023-03-17,billing,closed,medium,14
803,455,2023-04-02,2023-04-12,billing,open,medium,10
804,455,2023-05-02,2023-05-09,shipping,closed,urgent,7
805,456,2023-02-01,2023-02-11,product,open,low,10
806,456,2023-03-03,2023-03-08,other,in_progress,high,5
807,456,2023-04-02,2023-04-12,product,in_progress,high,10
808,458,2023-02-01,2023-02-06,product,in_progress,urgent,5
809,458,2023-03-03,2023-03-06,shipping,in_progress,urgent,3
810,460,2023-02-01,2023-02-07,billing,open,high,6
811,460,2023-03-03,2023-03-13,technical,in_progress,high,10
812,461,2023-02-01,2023-02-03,other,in_progress,high,2
813,461,2023-03-03,2023-03-06,product,resolved,medium,3
814,461,2023-04-02,2023-04-10,shipping,closed,urgent,8
815,462,2023-02-01,2023-02-07,product,resolved,medium,6
816,462,2023-03-03,2023-03-10,billing,closed,medium,7
817,462,2023-04-02,2023-04-03,billing,resolved,urgent,1
818,462,2023-05-02,2023-05-12,shipping,resolved,urgent,10
819,464,2023-02-01,2023-02-02,billing,resolved,medium,1
820,466,2023-02-01,2023-02-02,other,closed,high,1
821,467,2023-02-01,2023-02-06,other,resolved,urgent,5
822,467,2023-03-03,2023-03-06,other,closed,high,3
823,467,2023-04-02,2023-04-07,other,in_progress,high,5
824,467,2023-05-02,2023-05-16,product,open,urgent,14
825,468,2023-02-01,2023-02-15,other,closed,urgent,14
826,468,2023-03-03,2023-03-08,product,open,medium,5
827,468,2023-04-02,2023-04-11,product,closed,urgent,9
828,469,2023-02-01,2023-02-15,billing,resolved,urgent,14
829,469,2023-03-03,2023-03-11,technical,open,high,8
830,470,2023-02-01,2023-02-06,billing,open,urgent,5
831,471,2023-02-01,2023-02-05,shipping,in_progress,urgent,4
832,472,2023-02-01,2023-02-10,other,open,urgent,9
833,472,2023-03-03,2023-03-15,other,in_progress,high,12
834,472,2023-04-02,2023-04-05,product,in_progress,urgent,3
835,472,2023-05-02,2023-05-09,shipping,resolved,urgent,7
836,473,2023-02-01,2023-02-02,product,closed,low,1
837,473,2023-03-03,2023-03-06,product,resolved,low,3
838,474,2023-02-01,2023-02-05,other,resolved,medium,4
839,474,2023-03-03,2023-03-16,shipping,open,high,13
840,474,2023-04-02,2023-04-14,shipping,resolved,low,12
841,475,2023-02-01,2023-02-12,shipping,resolved,low,11
842,475,2023-03-03,2023-03-13,other,in_progress,low,10
843,476,2023-02-01,2023-02-05,technical,in_progress,medium,4
844,476,2023-03-03,2023-03-15,shipping,open,urgent,12
845,476,2023-04-02,2023-04-16,product,resolved,medium,14
846,477,2023-02-01,2023-02-15,product,open,urgent,14
847,477,2023-03-03,2023-03-04,other,open,medium,1
848,477,2023-04-02,2023-04-07,product,closed,low,5
849,478,2023-02-01,2023-02-15,shipping,resolved,medium,14
850,478,2023-03-03,2023-03-10,technical,in_progress,low,7
851,478,2023-04-02,2023-04-13,shipping,open,urgent,11
852,481,2023-02-01,2023-02-07,billing,open,low,6
853,481,2023-03-03,2023-03-14,other,in_progress,urgent,11
854,481,2023-04-02,2023-04-05,product,closed,urgent,3
855,481,2023-05-02,2023-05-14,product,resolved,urgent,12
856,482,2023-02-01,2023-02-03,shipping,open,high,2
857,482,2023-03-03,2023-03-13,other,closed,high,10
858,482,2023-04-02,2023-04-08,product,in_progress,low,6
859,484,2023-02-01,2023-02-05,billing,resolved,low,4
860,484,2023-03-03,2023-03-13,product,closed,urgent,10
861,484,2023-04-02,2023-04-04,technical,in_progress,high,2
862,485,2023-02-01,2023-02-02,shipping,resolved,urgent,1
863,490,2023-02-01,2023-02-09,other,open,low,8
864,491,2023-02-01,2023-02-12,shipping,in_progress,medium,11
865,493,2023-02-01,2023-02-15,technical,resolved,high,14
866,493,2023-03-03,2023-03-07,product,in_progress,medium,4
867,493,2023-04-02,2023-04-11,product,open,medium,9
868,493,2023-05-02,2023-05-05,other,in_progress,low,3
869,494,2023-02-01,2023-02-10,other,in_progress,high,9
870,494,2023-03-03,2023-03-15,billing,in_progress,high,12
871,496,2023-02-01,2023-02-15,shipping,closed,medium,14
872,496,2023-03-03,2023-03-17,billing,closed,low,14
873,497,2023-02-01,2023-02-04,shipping,closed,urgent,3
874,498,2023-02-01,2023-02-13,billing,resolved,urgent,12
875,498,2023-03-03,2023-03-04,other,closed,low,1
876,498,2023-04-02,2023-04-11,other,in_progress,medium,9
877,499,2023-02-01,2023-02-09,product,open,low,8
878,499,2023-03-03,2023-03-04,other,in_progress,urgent,1
879,499,2023-04-02,2023-04-16,product,open,urgent,14
880,499,2023-05-02,2023-05-10,product,resolved,medium,8
881,500,2023-02-01,2023-02-05,billing,in_progress,medium,4
882,500,2023-03-03,2023-03-12,billing,open,high,9
883,500,2023-04-02,2023-04-15,technical,resolved,medium,13
884,501,2023-02-01,2023-02-02,shipping,resolved,high,1
885,501,2023-03-03,2023-03-13,technical,open,high,10
886,501,2023-04-02,2023-04-11,other,in_progress,medium,9
887,501,2023-05-02,2023-05-10,product,closed,urgent,8
888,503,2023-02-01,2023-02-12,shipping,in_progress,urgent,11
889,504,2023-02-01,2023-02-14,other,open,high,13
890,505,2023-02-01,2023-02-12,billing,open,high,11
891,505,2023-03-03,2023-03-11,technical,resolved,medium,8
892,505,2023-04-02,2023-04-13,technical,closed,high,11
893,505,2023-05-02,2023-05-05,technical,resolved,medium,3
894,506,2023-02-01,2023-02-14,billing,resolved,high,13
895,506,2023-03-03,2023-03-05,other,closed,high,2
896,506,2023-04-02,2023-04-05,other,closed,high,3
897,507,2023-02-01,2023-02-13,product,open,high,12
898,508,2023-02-01,2023-02-03,product,open,high,2
899,508,2023-03-03,2023-03-16,shipping,resolved,high,13
900,508,2023-04-02,2023-04-08,other,closed,low,6
901,510,2023-02-01,2023-02-13,billing,resolved,urgent,12
902,510,2023-03-03,2023-03-08,billing,closed,high,5
903,510,2023-04-02,2023-04-06,product,open,urgent,4
904,510,2023-05-02,2023-05-05,billing,closed,low,3
905,513,2023-02-01,2023-02-15,shipping,open,high,14
906,513,2023-03-03,2023-03-12,product,resolved,high,9
907,514,2023-02-01,2023-02-02,technical,resolved,medium,1
908,514,2023-03-03,2023-03-09,other,resolved,medium,6
909,516,2023-02-01,2023-02-06,shipping,closed,low,5
910,516,2023-03-03,2023-03-05,shipping,in_progress,high,2
911,516,2023-04-02,2023-04-03,product,resolved,medium,1
912,516,2023-05-02,2023-05-06,billing,in_progress,urgent,4
913,517,2023-02-01,2023-02-08,shipping,resolved,high,7
914,517,2023-03-03,2023-03-13,shipping,resolved,low,10
915,517,2023-04-02,2023-04-05,technical,resolved,low,3
916,517,2023-05-02,2023-05-07,other,open,high,5
917,520,2023-02-01,2023-02-05,technical,closed,high,4
918,520,2023-03-03,2023-03-11,product,in_progress,medium,8
919,521,2023-02-01,2023-02-12,other,resolved,high,11
920,521,2023-03-03,2023-03-07,billing,resolved,high,4
921,521,2023-04-02,2023-04-09,other,resolved,high,7
922,523,2023-02-01,2023-02-14,shipping,open,urgent,13
923,523,2023-03-03,2023-03-16,technical,resolved,urgent,13
924,524,2023-02-01,2023-02-10,technical,open,high,9
925,524,2023-03-03,2023-03-12,shipping,in_progress,high,9
926,525,2023-02-01,2023-02-05,other,open,high,4
927,525,2023-03-03,2023-03-15,technical,open,medium,12
928,525,2023-04-02,2023-04-14,product,in_progress,medium,12
929,525,2023-05-02,2023-05-15,shipping,closed,urgent,13
930,526,2023-02-01,2023-02-08,billing,in_progress,high,7
931,527,2023-02-01,2023-02-06,shipping,resolved,medium,5
932,527,2023-03-03,2023-03-06,billing,resolved,high,3
933,527,2023-04-02,2023-04-14,technical,in_progress,medium,12
934,529,2023-02-01,2023-02-04,technical,resolved,medium,3
935,531,2023-02-01,2023-02-13,technical,resolved,medium,12
936,532,2023-02-01,2023-02-09,technical,open,medium,8
937,532,2023-03-03,2023-03-14,billing,resolved,high,11
938,532,2023-04-02,2023-04-03,technical,open,high,1
939,537,2023-02-01,2023-02-11,product,in_progress,medium,10
940,537,2023-03-03,2023-03-08,shipping,in_progress,high,5
941,538,2023-02-01,2023-02-04,technical,open,urgent,3
942,538,2023-03-03,2023-03-17,shipping,in_progress,high,14
943,538,2023-04-02,2023-04-13,product,in_progress,high,11
944,540,2023-02-01,2023-02-14,billing,resolved,high,13
945,540,2023-03-03,2023-03-11,technical,open,low,8
946,541,2023-02-01,2023-02-04,product,in_progress,medium,3
947,541,2023-03-03,2023-03-16,other,closed,high,13
948,541,2023-04-02,2023-04-09,other,resolved,urgent,7
949,542,2023-02-01,2023-02-09,shipping,resolved,low,8
950,543,2023-02-01,2023-02-11,product,resolved,medium,10
951,545,2023-02-01,2023-02-05,billing,resolved,high,4
952,545,2023-03-03,2023-03-05,other,in_progress,urgent,2
953,545,2023-04-02,2023-04-06,product,resolved,high,4
954,546,2023-02-01,2023-02-02,product,in_progress,low,1
955,546,2023-03-03,2023-03-16,shipping,resolved,low,13
956,546,2023-04-02,2023-04-13,shipping,open,low,11
957,547,2023-02-01,2023-02-15,shipping,in_progress,urgent,14
958,550,2023-02-01,2023-02-07,technical,open,high,6
959,551,2023-02-01,2023-02-03,other,closed,low,2
960,551,2023-03-03,2023-03-13,billing,closed,low,10
961,551,2023-04-02,2023-04-03,product,in_progress,low,1
962,554,2023-02-01,2023-02-06,technical,in_progress,urgent,5
963,554,2023-03-03,2023-03-04,billing,open,high,1
964,554,2023-04-02,2023-04-13,other,resolved,medium,11
965,554,2023-05-02,2023-05-09,other,in_progress,urgent,7
966,557,2023-02-01,2023-02-05,product,in_progress,medium,4
967,557,2023-03-03,2023-03-12,shipping,closed,medium,9
968,559,2023-02-01,2023-02-13,product,resolved,urgent,12
969,561,2023-02-01,2023-02-06,shipping,open,medium,5
970,561,2023-03-03,2023-03-17,other,closed,medium,14
971,561,2023-04-02,2023-04-09,shipping,closed,high,7
972,564,2023-02-01,2023-02-06,product,open,urgent,5
973,565,2023-02-01,2023-02-04,other,resolved,low,3
974,565,2023-03-03,2023-03-16,other,resolved,high,13
975,566,2023-02-01,2023-02-10,billing,open,low,9
976,567,2023-02-01,2023-02-14,other,in_progress,medium,13
977,567,2023-03-03,2023-03-15,billing,open,medium,12
978,567,2023-04-02,2023-04-12,other,open,medium,10
979,567,2023-05-02,2023-05-16,shipping,open,medium,14
980,569,2023-02-01,2023-02-10,shipping,closed,urgent,9
981,569,2023-03-03,2023-03-16,shipping,open,low,13
982,569,2023-04-02,2023-04-16,billing,closed,low,14
983,570,2023-02-01,2023-02-15,shipping,closed,urgent,14
984,570,2023-03-03,2023-03-12,shipping,resolved,medium,9
985,571,2023-02-01,2023-02-13,product,in_progress,high,12
986,571,2023-03-03,2023-03-04,other,open,urgent,1
987,572,2023-02-01,2023-02-07,technical,closed,urgent,6
988,572,2023-03-03,2023-03-14,other,resolved,low,11
989,572,2023-04-02,2023-04-10,other,open,urgent,8
990,574,2023-02-01,2023-02-08,shipping,in_progress,urgent,7
991,574,2023-03-03,2023-03-17,product,in_progress,urgent,14
992,575,2023-02-01,2023-02-12,other,resolved,high,11
993,577,2023-02-01,2023-02-12,other,closed,low,11
994,578,2023-02-01,2023-02-13,product,open,urgent,12
995,578,2023-03-03,2023-03-06,billing,closed,high,3
996,579,2023-02-01,2023-02-04,product,in_progress,high,3
997,579,2023-03-03,2023-03-12,other,in_progress,medium,9
998,579,2023-04-02,2023-04-08,product,resolved,urgent,6
999,579,2023-05-02,2023-05-11,billing,resolved,low,9
1000,580,2023-02-01,2023-02-09,product,open,high,8
1001,581,2023-02-01,2023-02-12,product,resolved,high,11
1002,581,2023-03-03,2023-03-11,other,in_progress,medium,8
1003,581,2023-04-02,2023-04-05,billing,resolved,urgent,3
1004,582,2023-02-01,2023-02-12,other,in_progress,high,11
1005,582,2023-03-03,2023-03-16,billing,resolved,low,13
1006,582,2023-04-02,2023-04-09,shipping,open,low,7
1007,582,2023-05-02,2023-05-15,technical,in_progress,low,13
1008,585,2023-02-01,2023-02-11,technical,resolved,high,10
1009,585,2023-03-03,2023-03-07,other,in_progress,urgent,4
1010,585,2023-04-02,2023-04-10,other,resolved,high,8
1011,587,2023-02-01,2023-02-09,billing,closed,low,8
1012,587,2023-03-03,2023-03-10,billing,resolved,urgent,7
1013,587,2023-04-02,2023-04-05,billing,in_progress,medium,3
1014,587,2023-05-02,2023-05-15,product,resolved,urgent,13
1015,590,2023-02-01,2023-02-06,product,closed,urgent,5
1016,590,2023-03-03,2023-03-12,other,closed,low,9
1017,592,2023-02-01,2023-02-09,product,open,high,8
1018,592,2023-03-03,2023-03-08,technical,resolved,high,5
1019,592,2023-04-02,2023-04-13,billing,in_progress,low,11
1020,593,2023-02-01,2023-02-14,billing,open,medium,13
1021,593,2023-03-03,2023-03-10,product,closed,high,7
1022,593,2023-04-02,2023-04-12,other,open,high,10
1023,593,2023-05-02,2023-05-11,other,closed,medium,9
1024,594,2023-02-01,2023-02-02,technical,closed,urgent,1
1025,594,2023-03-03,2023-03-08,technical,closed,low,5
1026,594,2023-04-02,2023-04-06,billing,in_progress,high,4
1027,594,2023-05-02,2023-05-16,shipping,closed,urgent,14
1028,595,2023-02-01,2023-02-15,other,in_progress,medium,14
1029,595,2023-03-03,2023-03-10,shipping,resolved,urgent,7
1030,596,2023-02-01,2023-02-11,billing,in_progress,low,10
1031,596,2023-03-03,2023-03-10,shipping,closed,high,7
1032,596,2023-04-02,2023-04-04,shipping,in_progress,urgent,2
1033,598,2023-02-01,2023-02-06,technical,open,urgent,5
1034,601,2023-02-01,2023-02-02,product,in_progress,medium,1
1035,602,2023-02-01,2023-02-09,technical,in_progress,low,8
1036,602,2023-03-03,2023-03-17,shipping,in_progress,low,14
1037,602,2023-04-02,2023-04-16,technical,in_progress,high,14
1038,602,2023-05-02,2023-05-08,other,closed,urgent,6
1039,605,2023-02-01,2023-02-08,technical,open,high,7
1040,606,2023-02-01,2023-02-02,billing,closed,low,1
1041,606,2023-03-03,2023-03-08,other,in_progress,urgent,5
1042,606,2023-04-02,2023-04-03,billing,in_progress,urgent,1
1043,607,2023-02-01,2023-02-05,technical,closed,high,4
1044,607,2023-03-03,2023-03-16,shipping,in_progress,urgent,13
1045,607,2023-04-02,2023-04-09,product,in_progress,medium,7
1046,608,2023-02-01,2023-02-03,billing,open,medium,2
1047,610,2023-02-01,2023-02-02,product,in_progress,urgent,1
1048,610,2023-03-03,2023-03-06,billing,in_progress,low,3
1049,611,2023-02-01,2023-02-02,product,in_progress,low,1
1050,611,2023-03-03,2023-03-06,technical,in_progress,medium,3
1051,612,2023-02-01,2023-02-04,billing,in_progress,urgent,3
1052,613,2023-02-01,2023-02-02,billing,open,low,1
1053,615,2023-02-01,2023-02-03,other,in_progress,medium,2
1054,616,2023-02-01,2023-02-04,other,open,low,3
1055,616,2023-03-03,2023-03-05,other,open,urgent,2
1056,616,2023-04-02,2023-04-08,shipping,resolved,medium,6
1057,617,2023-02-01,2023-02-05,product,open,low,4
1058,617,2023-03-03,2023-03-09,shipping,closed,high,6
1059,620,2023-02-01,2023-02-10,billing,open,low,9
1060,622,2023-02-01,2023-02-12,billing,resolved,low,11
1061,622,2023-03-03,2023-03-12,billing,resolved,medium,9
1062,623,2023-02-01,2023-02-12,product,closed,low,11
1063,624,2023-02-01,2023-02-03,billing,closed,medium,2
1064,624,2023-03-03,2023-03-17,shipping,closed,high,14
1065,624,2023-04-02,2023-04-13,shipping,resolved,urgent,11
1066,624,2023-05-02,2023-05-12,billing,open,urgent,10
1067,625,2023-02-01,2023-02-07,other,in_progress,medium,6
1068,626,2023-02-01,2023-02-06,technical,closed,high,5
1069,626,2023-03-03,2023-03-16,technical,in_progress,high,13
1070,626,2023-04-02,2023-04-06,technical,in_progress,urgent,4
1071,627,2023-02-01,2023-02-07,shipping,open,high,6
1072,627,2023-03-03,2023-03-14,product,open,high,11
1073,627,2023-04-02,2023-04-09,technical,resolved,urgent,7
1074,628,2023-02-01,2023-02-04,product,closed,low,3
1075,629,2023-02-01,2023-02-05,billing,in_progress,urgent,4
1076,629,2023-03-03,2023-03-11,other,closed,medium,8
1077,629,2023-04-02,2023-04-08,other,closed,urgent,6
1078,630,2023-02-01,2023-02-05,shipping,in_progress,high,4
1079,630,2023-03-03,2023-03-09,other,closed,high,6
1080,630,2023-04-02,2023-04-16,product,closed,low,14
1081,631,2023-02-01,2023-02-07,product,open,low,6
1082,632,2023-02-01,2023-02-05,shipping,closed,urgent,4
1083,633,2023-02-01,2023-02-11,product,closed,high,10
1084,633,2023-03-03,2023-03-05,billing,resolved,urgent,2
1085,633,2023-04-02,2023-04-16,other,resolved,high,14
1086,633,2023-05-02,2023-05-04,technical,resolved,low,2
1087,635,2023-02-01,2023-02-13,product,closed,medium,12
1088,639,2023-02-01,2023-02-08,shipping,open,urgent,7
1089,639,2023-03-03,2023-03-13,technical,closed,urgent,10
1090,639,2023-04-02,2023-04-15,shipping,resolved,low,13
1091,639,2023-05-02,2023-05-03,technical,closed,high,1
1092,640,2023-02-01,2023-02-12,other,closed,high,11
1093,641,2023-02-01,2023-02-10,product,resolved,medium,9
1094,642,2023-02-01,2023-02-10,product,closed,urgent,9
1095,642,2023-03-03,2023-03-09,shipping,resolved,low,6
1096,643,2023-02-01,2023-02-08,shipping,open,medium,7
1097,643,2023-03-03,2023-03-08,product,resolved,urgent,5
1098,643,2023-04-02,2023-04-04,billing,open,urgent,2
1099,643,2023-05-02,2023-05-04,billing,in_progress,low,2
1100,644,2023-02-01,2023-02-07,product,resolved,high,6
1101,645,2023-02-01,2023-02-11,shipping,closed,low,10
1102,645,2023-03-03,2023-03-08,shipping,in_progress,high,5
1103,645,2023-04-02,2023-04-03,billing,open,urgent,1
1104,645,2023-05-02,2023-05-12,technical,closed,low,10
1105,646,2023-02-01,2023-02-07,technical,closed,urgent,6
1106,646,2023-03-03,2023-03-04,other,closed,medium,1
1107,646,2023-04-02,2023-04-03,product,resolved,urgent,1
1108,650,2023-02-01,2023-02-06,billing,closed,medium,5
1109,652,2023-02-01,2023-02-03,technical,closed,medium,2
1110,652,2023-03-03,2023-03-17,shipping,open,low,14
1111,652,2023-04-02,2023-04-04,technical,open,medium,2
1112,653,2023-02-01,2023-02-15,shipping,resolved,low,14
1113,653,2023-03-03,2023-03-06,product,closed,high,3
1114,653,2023-04-02,2023-04-05,other,resolved,high,3
1115,654,2023-02-01,2023-02-03,product,open,low,2
1116,655,2023-02-01,2023-02-10,billing,in_progress,low,9
1117,655,2023-03-03,2023-03-13,shipping,open,urgent,10
1118,656,2023-02-01,2023-02-14,technical,closed,high,13
1119,656,2023-03-03,2023-03-10,other,open,medium,7
1120,656,2023-04-02,2023-04-16,product,in_progress,high,14
1121,657,2023-02-01,2023-02-14,shipping,closed,medium,13
1122,657,2023-03-03,2023-03-06,technical,resolved,medium,3
1123,657,2023-04-02,2023-04-06,product,resolved,medium,4
1124,657,2023-05-02,2023-05-05,shipping,closed,low,3
1125,659,2023-02-01,2023-02-02,technical,open,low,1
1126,659,2023-03-03,2023-03-12,other,in_progress,low,9
1127,659,2023-04-02,2023-04-10,technical,in_progress,medium,8
1128,659,2023-05-02,2023-05-06,billing,in_progress,low,4
1129,660,2023-02-01,2023-02-06,shipping,open,high,5
1130,660,2023-03-03,2023-03-07,technical,closed,low,4
1131,661,2023-02-01,2023-02-13,product,open,medium,12
1132,661,2023-03-03,2023-03-08,product,in_progress,high,5
1133,661,2023-04-02,2023-04-09,billing,resolved,urgent,7
1134,661,2023-05-02,2023-05-07,billing,open,urgent,5
1135,662,2023-02-01,2023-02-14,technical,resolved,medium,13
1136,662,2023-03-03,2023-03-06,other,resolved,low,3
1137,662,2023-04-02,2023-04-03,product,resolved,high,1
1138,662,2023-05-02,2023-05-07,other,in_progress,high,5
1139,663,2023-02-01,2023-02-06,shipping,open,low,5
1140,663,2023-03-03,2023-03-07,billing,closed,medium,4
1141,663,2023-04-02,2023-04-12,billing,resolved,urgent,10
1142,664,2023-02-01,2023-02-09,shipping,closed,medium,8
1143,664,2023-03-03,2023-03-12,shipping,open,urgent,9
1144,664,2023-04-02,2023-04-07,technical,open,medium,5
1145,666,2023-02-01,2023-02-11,shipping,resolved,medium,10
1146,667,2023-02-01,2023-02-10,other,in_progress,low,9
1147,667,2023-03-03,2023-03-08,technical,closed,high,5
1148,667,2023-04-02,2023-04-04,shipping,open,high,2
1149,667,2023-05-02,2023-05-07,shipping,closed,urgent,5
1150,668,2023-02-01,2023-02-07,technical,resolved,urgent,6
1151,669,2023-02-01,2023-02-02,billing,in_progress,high,1
1152,670,2023-02-01,2023-02-06,shipping,in_progress,high,5
1153,670,2023-03-03,2023-03-11,other,resolved,low,8
1154,673,2023-02-01,2023-02-10,shipping,in_progress,high,9
1155,673,2023-03-03,2023-03-04,product,open,medium,1
1156,673,2023-04-02,2023-04-05,billing,in_progress,high,3
1157,673,2023-05-02,2023-05-10,product,open,medium,8
1158,674,2023-02-01,2023-02-05,other,open,urgent,4
1159,674,2023-03-03,2023-03-07,billing,closed,low,4
1160,675,2023-02-01,2023-02-10,technical,in_progress,medium,9
1161,676,2023-02-01,2023-02-11,billing,resolved,medium,10
1162,676,2023-03-03,2023-03-08,other,open,medium,5
1163,676,2023-04-02,2023-04-05,technical,in_progress,low,3
1164,677,2023-02-01,2023-02-15,shipping,resolved,low,14
1165,681,2023-02-01,2023-02-08,technical,in_progress,urgent,7
1166,681,2023-03-03,2023-03-11,technical,in_progress,high,8
1167,681,2023-04-02,2023-04-15,other,open,low,13
1168,681,2023-05-02,2023-05-12,product,open,medium,10
1169,682,2023-02-01,2023-02-15,shipping,open,low,14
1170,682,2023-03-03,2023-03-07,other,open,low,4
1171,682,2023-04-02,2023-04-06,technical,closed,medium,4
1172,682,2023-05-02,2023-05-04,shipping,closed,low,2
1173,683,2023-02-01,2023-02-07,technical,closed,high,6
1174,683,2023-03-03,2023-03-10,other,open,medium,7
1175,683,2023-04-02,2023-04-10,technical,in_progress,high,8
1176,685,2023-02-01,2023-02-10,billing,resolved,urgent,9
1177,685,2023-03-03,2023-03-05,shipping,open,low,2
1178,685,2023-04-02,2023-04-13,technical,closed,urgent,11
1179,685,2023-05-02,2023-05-04,billing,resolved,medium,2
1180,686,2023-02-01,2023-02-15,shipping,closed,high,14
1181,688,2023-02-01,2023-02-13,product,resolved,high,12
1182,688,2023-03-03,2023-03-07,billing,open,high,4
1183,689,2023-02-01,2023-02-04,billing,open,medium,3
1184,689,2023-03-03,2023-03-06,billing,open,medium,3
1185,689,2023-04-02,2023-04-11,other,in_progress,medium,9
1186,689,2023-05-02,2023-05-10,product,open,high,8
1187,690,2023-02-01,2023-02-04,shipping,resolved,low,3
1188,690,2023-03-03,2023-03-04,product,resolved,low,1
1189,690,2023-04-02,2023-04-09,technical,open,low,7
1190,691,2023-02-01,2023-02-03,product,closed,high,2
1191,691,2023-03-03,2023-03-11,other,open,high,8
1192,692,2023-02-01,2023-02-09,shipping,open,urgent,8
1193,692,2023-03-03,2023-03-10,billing,open,low,7
1194,692,2023-04-02,2023-04-10,technical,closed,urgent,8
1195,693,2023-02-01,2023-02-03,product,open,low,2
1196,693,2023-03-03,2023-03-17,shipping,resolved,urgent,14
1197,695,2023-02-01,2023-02-02,billing,in_progress,high,1
1198,695,2023-03-03,2023-03-15,shipping,resolved,low,12
1199,695,2023-04-02,2023-04-12,billing,in_progress,urgent,10
1200,695,2023-05-02,2023-05-08,product,open,low,6
1201,698,2023-02-01,2023-02-05,shipping,in_progress,urgent,4
1202,698,2023-03-03,2023-03-09,technical,closed,low,6
1203,699,2023-02-01,2023-02-05,product,open,low,4
1204,699,2023-03-03,2023-03-16,shipping,in_progress,urgent,13
1205,700,2023-02-01,2023-02-04,shipping,resolved,medium,3
1206,700,2023-03-03,2023-03-08,shipping,closed,low,5
1207,700,2023-04-02,2023-04-15,billing,in_progress,high,13
1208,700,2023-05-02,2023-05-16,product,closed,high,14
1209,702,2023-02-01,2023-02-09,technical,in_progress,low,8
1210,702,2023-03-03,2023-03-05,other,resolved,urgent,2
1211,702,2023-04-02,2023-04-07,shipping,closed,medium,5
1212,702,2023-05-02,2023-05-05,product,open,low,3
1213,704,2023-02-01,2023-02-04,product,open,medium,3
1214,705,2023-02-01,2023-02-06,billing,closed,high,5
1215,705,2023-03-03,2023-03-15,technical,resolved,urgent,12
1216,706,2023-02-01,2023-02-04,product,in_progress,low,3
1217,706,2023-03-03,2023-03-15,product,open,medium,12
1218,706,2023-04-02,2023-04-15,product,resolved,medium,13
1219,706,2023-05-02,2023-05-16,technical,closed,low,14
1220,707,2023-02-01,2023-02-06,shipping,open,medium,5
1221,707,2023-03-03,2023-03-16,shipping,closed,low,13
1222,707,2023-04-02,2023-04-10,other,closed,urgent,8
1223,707,2023-05-02,2023-05-11,technical,in_progress,urgent,9
1224,709,2023-02-01,2023-02-08,other,open,medium,7
1225,709,2023-03-03,2023-03-14,other,resolved,high,11
1226,710,2023-02-01,2023-02-15,billing,open,medium,14
1227,710,2023-03-03,2023-03-11,technical,in_progress,urgent,8
1228,710,2023-04-02,2023-04-13,shipping,resolved,low,11
1229,712,2023-02-01,2023-02-12,billing,closed,low,11
1230,712,2023-03-03,2023-03-11,technical,in_progress,low,8
1231,713,2023-02-01,2023-02-14,product,resolved,low,13
1232,713,2023-03-03,2023-03-12,other,in_progress,medium,9
1233,715,2023-02-01,2023-02-14,other,closed,high,13
1234,715,2023-03-03,2023-03-09,shipping,closed,low,6
1235,715,2023-04-02,2023-04-08,product,closed,high,6
1236,717,2023-02-01,2023-02-13,billing,open,low,12
1237,717,2023-03-03,2023-03-11,other,open,high,8
1238,717,2023-04-02,2023-04-07,billing,closed,low,5
1239,717,2023-05-02,2023-05-06,other,resolved,medium,4
1240,718,2023-02-01,2023-02-13,product,open,high,12
1241,719,2023-02-01,2023-02-15,product,resolved,medium,14
1242,720,2023-02-01,2023-02-07,technical,in_progress,high,6
1243,721,2023-02-01,2023-02-10,billing,resolved,low,9
1244,721,2023-03-03,2023-03-04,technical,resolved,high,1
1245,721,2023-04-02,2023-04-14,shipping,closed,medium,12
1246,721,2023-05-02,2023-05-15,product,closed,high,13
1247,722,2023-02-01,2023-02-13,product,open,medium,12
1248,723,2023-02-01,2023-02-06,shipping,open,medium,5
1249,723,2023-03-03,2023-03-12,technical,in_progress,high,9
1250,723,2023-04-02,2023-04-03,shipping,resolved,high,1
1251,723,2023-05-02,2023-05-16,product,open,high,14
1252,724,2023-02-01,2023-02-07,technical,resolved,medium,6
1253,724,2023-03-03,2023-03-15,billing,open,medium,12
1254,727,2023-02-01,2023-02-06,shipping,in_progress,medium,5
1255,728,2023-02-01,2023-02-09,other,closed,medium,8
1256,729,2023-02-01,2023-02-12,product,resolved,high,11
1257,730,2023-02-01,2023-02-09,product,open,high,8
1258,731,2023-02-01,2023-02-04,other,closed,urgent,3
1259,731,2023-03-03,2023-03-09,billing,closed,urgent,6
1260,731,2023-04-02,2023-04-11,product,open,low,9
1261,733,2023-02-01,2023-02-15,technical,in_progress,medium,14
1262,734,2023-02-01,2023-02-04,product,in_progress,medium,3
1263,734,2023-03-03,2023-03-05,other,open,medium,2
1264,734,2023-04-02,2023-04-16,billing,open,low,14
1265,735,2023-02-01,2023-02-10,billing,in_progress,low,9
1266,735,2023-03-03,2023-03-12,other,in_progress,medium,9
1267,735,2023-04-02,2023-04-06,technical,in_progress,high,4
1268,735,2023-05-02,2023-05-15,billing,in_progress,medium,13
1269,736,2023-02-01,2023-02-02,other,in_progress,medium,1
1270,736,2023-03-03,2023-03-14,other,resolved,low,11
1271,738,2023-02-01,2023-02-15,shipping,closed,urgent,14
1272,738,2023-03-03,2023-03-04,billing,resolved,medium,1
1273,738,2023-04-02,2023-04-03,billing,resolved,high,1
1274,739,2023-02-01,2023-02-11,technical,closed,urgent,10
1275,739,2023-03-03,2023-03-08,shipping,resolved,medium,5
1276,739,2023-04-02,2023-04-11,product,in_progress,high,9
1277,739,2023-05-02,2023-05-14,product,closed,high,12
1278,740,2023-02-01,2023-02-13,technical,closed,medium,12
1279,740,2023-03-03,2023-03-15,other,resolved,urgent,12
1280,740,2023-04-02,2023-04-14,other,in_progress,high,12
1281,740,2023-05-02,2023-05-11,other,open,low,9
1282,741,2023-02-01,2023-02-02,other,in_progress,low,1
1283,741,2023-03-03,2023-03-04,other,open,medium,1
1284,741,2023-04-02,2023-04-13,technical,open,urgent,11
1285,743,2023-02-01,2023-02-04,billing,in_progress,low,3
1286,743,2023-03-03,2023-03-13,technical,resolved,urgent,10
1287,743,2023-04-02,2023-04-13,product,closed,high,11
1288,744,2023-02-01,2023-02-15,product,closed,medium,14
1289,744,2023-03-03,2023-03-14,other,closed,low,11
1290,745,2023-02-01,2023-02-11,product,in_progress,medium,10
1291,746,2023-02-01,2023-02-06,shipping,open,low,5
1292,746,2023-03-03,2023-03-16,billing,in_progress,low,13
1293,747,2023-02-01,2023-02-15,other,in_progress,low,14
1294,747,2023-03-03,2023-03-16,product,open,low,13
1295,747,2023-04-02,2023-04-14,billing,open,medium,12
1296,748,2023-02-01,2023-02-11,other,in_progress,urgent,10
1297,748,2023-03-03,2023-03-05,billing,resolved,medium,2
1298,748,2023-04-02,2023-04-13,technical,closed,urgent,11
1299,749,2023-02-01,2023-02-03,shipping,resolved,high,2
1300,749,2023-03-03,2023-03-17,billing,open,urgent,14
1301,750,2023-02-01,2023-02-02,product,in_progress,high,1
1302,750,2023-03-03,2023-03-07,technical,resolved,high,4
1303,750,2023-04-02,2023-04-07,other,in_progress,urgent,5
1304,751,2023-02-01,2023-02-15,billing,resolved,medium,14
1305,751,2023-03-03,2023-03-10,product,in_progress,medium,7
1306,751,2023-04-02,2023-04-13,billing,open,low,11
1307,754,2023-02-01,2023-02-14,shipping,open,high,13
1308,755,2023-02-01,2023-02-12,billing,in_progress,medium,11
1309,755,2023-03-03,2023-03-13,billing,resolved,medium,10
1310,755,2023-04-02,2023-04-05,billing,in_progress,urgent,3
1311,755,2023-05-02,2023-05-11,product,in_progress,urgent,9
1312,759,2023-02-01,2023-02-04,other,in_progress,high,3
1313,759,2023-03-03,2023-03-05,technical,in_progress,high,2
1314,762,2023-02-01,2023-02-11,product,in_progress,low,10
1315,762,2023-03-03,2023-03-17,shipping,in_progress,high,14
1316,762,2023-04-02,2023-04-12,product,closed,high,10
1317,762,2023-05-02,2023-05-11,product,in_progress,low,9
1318,767,2023-02-01,2023-02-13,billing,closed,medium,12
1319,767,2023-03-03,2023-03-11,technical,open,medium,8
1320,767,2023-04-02,2023-04-11,product,in_progress,urgent,9
1321,769,2023-02-01,2023-02-12,other,resolved,medium,11
1322,769,2023-03-03,2023-03-10,product,in_progress,urgent,7
1323,771,2023-02-01,2023-02-05,other,open,high,4
1324,771,2023-03-03,2023-03-13,other,resolved,urgent,10
1325,771,2023-04-02,2023-04-15,technical,in_progress,low,13
1326,772,2023-02-01,2023-02-10,shipping,resolved,urgent,9
1327,772,2023-03-03,2023-03-15,other,in_progress,urgent,12
1328,772,2023-04-02,2023-04-16,other,in_progress,low,14
1329,773,2023-02-01,2023-02-12,other,in_progress,low,11
1330,773,2023-03-03,2023-03-04,billing,open,medium,1
1331,773,2023-04-02,2023-04-13,technical,closed,high,11
1332,774,2023-02-01,2023-02-05,product,open,medium,4
1333,775,2023-02-01,2023-02-11,product,closed,urgent,10
1334,775,2023-03-03,2023-03-08,shipping,resolved,low,5
1335,775,2023-04-02,2023-04-05,product,open,low,3
1336,776,2023-02-01,2023-02-15,other,closed,low,14
1337,776,2023-03-03,2023-03-13,other,resolved,urgent,10
1338,776,2023-04-02,2023-04-15,billing,resolved,low,13
1339,778,2023-02-01,2023-02-06,other,in_progress,urgent,5
1340,778,2023-03-03,2023-03-08,product,open,medium,5
1341,778,2023-04-02,2023-04-13,technical,resolved,high,11
1342,779,2023-02-01,2023-02-10,technical,closed,urgent,9
1343,779,2023-03-03,2023-03-17,other,open,urgent,14
1344,782,2023-02-01,2023-02-02,shipping,open,high,1
1345,782,2023-03-03,2023-03-06,technical,in_progress,urgent,3
1346,784,2023-02-01,2023-02-14,product,in_progress,low,13
1347,785,2023-02-01,2023-02-06,technical,in_progress,medium,5
1348,785,2023-03-03,2023-03-15,shipping,closed,medium,12
1349,785,2023-04-02,2023-04-08,shipping,resolved,high,6
1350,785,2023-05-02,2023-05-09,billing,open,high,7
1351,787,2023-02-01,2023-02-10,other,in_progress,urgent,9
1352,790,2023-02-01,2023-02-11,billing,resolved,low,10
1353,790,2023-03-03,2023-03-15,other,open,high,12
1354,791,2023-02-01,2023-02-02,shipping,resolved,urgent,1
1355,793,2023-02-01,2023-02-02,product,closed,low,1
1356,795,2023-02-01,2023-02-11,shipping,open,high,10
1357,796,2023-02-01,2023-02-09,shipping,open,urgent,8
1358,796,2023-03-03,2023-03-08,billing,in_progress,urgent,5
1359,796,2023-04-02,2023-04-14,technical,in_progress,medium,12
1360,796,2023-05-02,2023-05-05,shipping,open,low,3
1361,798,2023-02-01,2023-02-04,shipping,closed,high,3
1362,798,2023-03-03,2023-03-13,other,closed,urgent,10
1363,798,2023-04-02,2023-04-03,product,open,high,1
1364,799,2023-02-01,2023-02-05,product,open,high,4
1365,800,2023-02-01,2023-02-07,shipping,closed,low,6
1366,800,2023-03-03,2023-03-08,technical,resolved,high,5
1367,802,2023-02-01,2023-02-03,billing,resolved,urgent,2
1368,802,2023-03-03,2023-03-13,other,open,urgent,10
1369,803,2023-02-01,2023-02-12,product,in_progress,medium,11
1370,803,2023-03-03,2023-03-14,shipping,open,medium,11
1371,804,2023-02-01,2023-02-12,other,in_progress,low,11
1372,805,2023-02-01,2023-02-10,billing,in_progress,low,9
1373,806,2023-02-01,2023-02-11,shipping,open,urgent,10
1374,811,2023-02-01,2023-02-02,technical,in_progress,high,1
1375,812,2023-02-01,2023-02-03,other,open,low,2
1376,813,2023-02-01,2023-02-09,other,open,urgent,8
1377,813,2023-03-03,2023-03-04,billing,in_progress,low,1
1378,813,2023-04-02,2023-04-08,other,resolved,high,6
1379,813,2023-05-02,2023-05-03,product,closed,high,1
1380,814,2023-02-01,2023-02-11,technical,in_progress,urgent,10
1381,814,2023-03-03,2023-03-16,product,open,low,13
1382,814,2023-04-02,2023-04-04,technical,resolved,low,2
1383,815,2023-02-01,2023-02-06,shipping,in_progress,high,5
1384,815,2023-03-03,2023-03-12,technical,resolved,low,9
1385,816,2023-02-01,2023-02-11,billing,open,medium,10
1386,816,2023-03-03,2023-03-16,shipping,closed,low,13
1387,817,2023-02-01,2023-02-14,product,in_progress,urgent,13
1388,817,2023-03-03,2023-03-17,shipping,in_progress,low,14
1389,819,2023-02-01,2023-02-08,product,open,urgent,7
1390,819,2023-03-03,2023-03-10,other,closed,medium,7
1391,820,2023-02-01,2023-02-07,other,resolved,high,6
1392,820,2023-03-03,2023-03-15,shipping,closed,low,12
1393,820,2023-04-02,2023-04-09,technical,in_progress,high,7
1394,820,2023-05-02,2023-05-08,shipping,closed,high,6
1395,821,2023-02-01,2023-02-08,other,open,high,7
1396,823,2023-02-01,2023-02-03,billing,in_progress,low,2
1397,823,2023-03-03,2023-03-04,other,resolved,high,1
1398,823,2023-04-02,2023-04-10,product,open,urgent,8
1399,823,2023-05-02,2023-05-09,billing,closed,low,7
1400,824,2023-02-01,2023-02-15,technical,in_progress,high,14
1401,824,2023-03-03,2023-03-08,billing,resolved,medium,5
1402,824,2023-04-02,2023-04-04,other,open,urgent,2
1403,826,2023-02-01,2023-02-03,shipping,in_progress,medium,2
1404,826,2023-03-03,2023-03-07,other,in_progress,low,4
1405,826,2023-04-02,2023-04-16,other,open,urgent,14
1406,826,2023-05-02,2023-05-13,product,closed,high,11
1407,827,2023-02-01,2023-02-14,technical,open,high,13
1408,827,2023-03-03,2023-03-14,billing,closed,medium,11
1409,827,2023-04-02,2023-04-11,product,resolved,low,9
1410,827,2023-05-02,2023-05-05,other,in_progress,urgent,3
1411,828,2023-02-01,2023-02-07,other,in_progress,low,6
1412,828,2023-03-03,2023-03-16,billing,open,low,13
1413,830,2023-02-01,2023-02-07,billing,in_progress,high,6
1414,831,2023-02-01,2023-02-03,billing,resolved,urgent,2
1415,831,2023-03-03,2023-03-10,shipping,resolved,urgent,7
1416,831,2023-04-02,2023-04-07,technical,open,urgent,5
1417,832,2023-02-01,2023-02-10,technical,open,high,9
1418,833,2023-02-01,2023-02-11,other,open,urgent,10
1419,835,2023-02-01,2023-02-09,shipping,open,urgent,8
1420,835,2023-03-03,2023-03-12,billing,resolved,low,9
1421,835,2023-04-02,2023-04-10,shipping,open,urgent,8
1422,835,2023-05-02,2023-05-16,billing,closed,medium,14
1423,837,2023-02-01,2023-02-14,shipping,resolved,low,13
1424,837,2023-03-03,2023-03-09,technical,in_progress,urgent,6
1425,837,2023-04-02,2023-04-14,billing,resolved,high,12
1426,839,2023-02-01,2023-02-08,billing,in_progress,urgent,7
1427,839,2023-03-03,2023-03-07,billing,resolved,high,4
1428,840,2023-02-01,2023-02-15,product,closed,medium,14
1429,840,2023-03-03,2023-03-11,product,resolved,high,8
1430,840,2023-04-02,2023-04-11,technical,in_progress,high,9
1431,842,2023-02-01,2023-02-15,shipping,in_progress,high,14
1432,842,2023-03-03,2023-03-05,shipping,closed,urgent,2
1433,843,2023-02-01,2023-02-06,technical,closed,low,5
1434,843,2023-03-03,2023-03-16,shipping,resolved,low,13
1435,844,2023-02-01,2023-02-12,technical,resolved,low,11
1436,844,2023-03-03,2023-03-05,technical,open,urgent,2
1437,844,2023-04-02,2023-04-03,shipping,resolved,high,1
1438,845,2023-02-01,2023-02-02,other,open,high,1
1439,845,2023-03-03,2023-03-11,other,resolved,urgent,8
1440,845,2023-04-02,2023-04-14,billing,open,urgent,12
1441,847,2023-02-01,2023-02-05,technical,resolved,medium,4
1442,847,2023-03-03,2023-03-05,shipping,in_progress,urgent,2
1443,847,2023-04-02,2023-04-10,product,closed,medium,8
1444,848,2023-02-01,2023-02-08,shipping,open,low,7
1445,849,2023-02-01,2023-02-06,other,open,high,5
1446,849,2023-03-03,2023-03-09,technical,resolved,high,6
1447,849,2023-04-02,2023-04-03,shipping,open,low,1
1448,850,2023-02-01,2023-02-12,billing,in_progress,high,11
1449,850,2023-03-03,2023-03-05,technical,resolved,urgent,2
1450,853,2023-02-01,2023-02-05,product,resolved,low,4
1451,854,2023-02-01,2023-02-13,shipping,resolved,high,12
1452,855,2023-02-01,2023-02-06,technical,open,urgent,5
1453,855,2023-03-03,2023-03-16,billing,open,medium,13
1454,855,2023-04-02,2023-04-13,product,resolved,medium,11
1455,855,2023-05-02,2023-05-10,billing,in_progress,urgent,8
1456,856,2023-02-01,2023-02-11,other,resolved,medium,10
1457,857,2023-02-01,2023-02-04,product,open,high,3
1458,858,2023-02-01,2023-02-10,technical,open,low,9
1459,858,2023-03-03,2023-03-12,technical,open,urgent,9
1460,858,2023-04-02,2023-04-06,billing,in_progress,high,4
1461,858,2023-05-02,2023-05-04,product,resolved,low,2
1462,861,2023-02-01,2023-02-14,shipping,closed,medium,13
1463,861,2023-03-03,2023-03-10,billing,in_progress,urgent,7
1464,861,2023-04-02,2023-04-11,technical,closed,low,9
1465,861,2023-05-02,2023-05-04,technical,open,medium,2
1466,863,2023-02-01,2023-02-03,other,open,low,2
1467,863,2023-03-03,2023-03-11,product,in_progress,high,8
1468,863,2023-04-02,2023-04-05,technical,in_progress,high,3
1469,863,2023-05-02,2023-05-08,billing,in_progress,urgent,6
1470,864,2023-02-01,2023-02-07,shipping,in_progress,medium,6
1471,864,2023-03-03,2023-03-15,technical,resolved,urgent,12
1472,865,2023-02-01,2023-02-12,technical,resolved,urgent,11
1473,865,2023-03-03,2023-03-17,other,in_progress,medium,14
1474,865,2023-04-02,2023-04-12,billing,resolved,low,10
1475,865,2023-05-02,2023-05-09,technical,resolved,high,7
1476,866,2023-02-01,2023-02-04,technical,closed,low,3
1477,866,2023-03-03,2023-03-06,technical,in_progress,medium,3
1478,867,2023-02-01,2023-02-04,billing,in_progress,low,3
1479,868,2023-02-01,2023-02-10,technical,open,medium,9
1480,868,2023-03-03,2023-03-13,billing,in_progress,high,10
1481,868,2023-04-02,2023-04-14,product,resolved,high,12
1482,868,2023-05-02,2023-05-03,technical,resolved,high,1
1483,869,2023-02-01,2023-02-14,technical,in_progress,urgent,13
1484,870,2023-02-01,2023-02-08,shipping,resolved,high,7
1485,870,2023-03-03,2023-03-12,shipping,in_progress,high,9
1486,871,2023-02-01,2023-02-04,other,closed,urgent,3
1487,873,2023-02-01,2023-02-08,billing,resolved,urgent,7
1488,873,2023-03-03,2023-03-12,other,in_progress,low,9
1489,873,2023-04-02,2023-04-04,billing,closed,urgent,2
1490,873,2023-05-02,2023-05-14,technical,closed,low,12
1491,876,2023-02-01,2023-02-02,billing,open,low,1
1492,876,2023-03-03,2023-03-17,other,open,high,14
1493,876,2023-04-02,2023-04-15,technical,resolved,high,13
1494,876,2023-05-02,2023-05-03,shipping,in_progress,high,1
1495,877,2023-02-01,2023-02-08,billing,open,low,7
1496,877,2023-03-03,2023-03-06,other,resolved,medium,3
1497,878,2023-02-01,2023-02-07,shipping,open,urgent,6
1498,878,2023-03-03,2023-03-05,technical,closed,medium,2
1499,878,2023-04-02,2023-04-15,technical,closed,low,13
1500,879,2023-02-01,2023-02-08,product,open,low,7
1501,879,2023-03-03,2023-03-05,product,in_progress,high,2
1502,879,2023-04-02,2023-04-12,technical,resolved,medium,10
1503,880,2023-02-01,2023-02-11,product,resolved,urgent,10
1504,880,2023-03-03,2023-03-15,technical,resolved,medium,12
1505,880,2023-04-02,2023-04-12,billing,closed,low,10
1506,880,2023-05-02,2023-05-07,technical,resolved,low,5
1507,881,2023-02-01,2023-02-10,other,open,high,9
1508,881,2023-03-03,2023-03-16,technical,open,medium,13
1509,881,2023-04-02,2023-04-15,technical,open,urgent,13
1510,881,2023-05-02,2023-05-08,technical,open,high,6
1511,883,2023-02-01,2023-02-04,product,resolved,high,3
1512,883,2023-03-03,2023-03-11,billing,in_progress,medium,8
1513,885,2023-02-01,2023-02-02,product,resolved,urgent,1
1514,885,2023-03-03,2023-03-11,shipping,open,medium,8
1515,885,2023-04-02,2023-04-16,product,resolved,medium,14
1516,885,2023-05-02,2023-05-13,product,in_progress,medium,11
1517,888,2023-02-01,2023-02-14,product,closed,medium,13
1518,889,2023-02-01,2023-02-05,billing,resolved,medium,4
1519,891,2023-02-01,2023-02-12,technical,in_progress,high,11
1520,892,2023-02-01,2023-02-10,other,open,low,9
1521,892,2023-03-03,2023-03-16,product,resolved,medium,13
1522,892,2023-04-02,2023-04-10,shipping,open,low,8
1523,892,2023-05-02,2023-05-13,technical,in_progress,high,11
1524,894,2023-02-01,2023-02-05,technical,open,urgent,4
1525,894,2023-03-03,2023-03-09,other,in_progress,low,6
1526,894,2023-04-02,2023-04-03,other,closed,high,1
1527,894,2023-05-02,2023-05-03,other,in_progress,medium,1
1528,895,2023-02-01,2023-02-10,other,open,medium,9
1529,895,2023-03-03,2023-03-17,technical,closed,high,14
1530,895,2023-04-02,2023-04-07,technical,closed,low,5
1531,896,2023-02-01,2023-02-04,other,open,urgent,3
1532,896,2023-03-03,2023-03-10,technical,open,low,7
1533,896,2023-04-02,2023-04-13,other,open,low,11
1534,897,2023-02-01,2023-02-09,product,closed,medium,8
1535,897,2023-03-03,2023-03-12,product,resolved,urgent,9
1536,897,2023-04-02,2023-04-03,technical,closed,medium,1
1537,897,2023-05-02,2023-05-12,shipping,closed,high,10
1538,898,2023-02-01,2023-02-03,technical,in_progress,medium,2
1539,898,2023-03-03,2023-03-06,technical,open,urgent,3
1540,899,2023-02-01,2023-02-13,shipping,resolved,urgent,12
1541,899,2023-03-03,2023-03-15,other,open,medium,12
1542,899,2023-04-02,2023-04-10,shipping,in_progress,medium,8
1543,900,2023-02-01,2023-02-08,technical,resolved,urgent,7
1544,900,2023-03-03,2023-03-09,technical,open,medium,6
1545,900,2023-04-02,2023-04-08,shipping,open,urgent,6
1546,900,2023-05-02,2023-05-05,billing,in_progress,medium,3
1547,902,2023-02-01,2023-02-08,product,in_progress,medium,7
1548,905,2023-02-01,2023-02-12,product,closed,medium,11
1549,905,2023-03-03,2023-03-14,product,in_progress,high,11
1550,905,2023-04-02,2023-04-16,shipping,open,urgent,14
1551,905,2023-05-02,2023-05-03,other,closed,medium,1
1552,907,2023-02-01,2023-02-07,billing,open,low,6
1553,907,2023-03-03,2023-03-14,shipping,in_progress,medium,11
1554,907,2023-04-02,2023-04-14,technical,in_progress,low,12
1555,907,2023-05-02,2023-05-04,other,open,medium,2
1556,908,2023-02-01,2023-02-06,billing,resolved,medium,5
1557,908,2023-03-03,2023-03-16,technical,in_progress,urgent,13
1558,908,2023-04-02,2023-04-10,billing,open,urgent,8
1559,908,2023-05-02,2023-05-13,technical,closed,high,11
1560,911,2023-02-01,2023-02-02,billing,closed,low,1
1561,911,2023-03-03,2023-03-17,shipping,resolved,low,14
1562,912,2023-02-01,2023-02-05,technical,resolved,medium,4
1563,912,2023-03-03,2023-03-15,technical,closed,high,12
1564,912,2023-04-02,2023-04-12,other,resolved,high,10
1565,914,2023-02-01,2023-02-02,technical,open,medium,1
1566,915,2023-02-01,2023-02-02,billing,resolved,high,1
1567,915,2023-03-03,2023-03-05,shipping,closed,urgent,2
1568,915,2023-04-02,2023-04-04,product,open,medium,2
1569,916,2023-02-01,2023-02-06,technical,open,high,5
1570,916,2023-03-03,2023-03-15,product,resolved,high,12
1571,916,2023-04-02,2023-04-06,product,in_progress,medium,4
1572,918,2023-02-01,2023-02-03,technical,resolved,urgent,2
1573,918,2023-03-03,2023-03-08,billing,closed,medium,5
1574,918,2023-04-02,2023-04-15,product,resolved,high,13
1575,918,2023-05-02,2023-05-08,technical,closed,low,6
1576,919,2023-02-01,2023-02-14,other,open,urgent,13
1577,919,2023-03-03,2023-03-16,shipping,closed,urgent,13
1578,919,2023-04-02,2023-04-05,billing,in_progress,medium,3
1579,919,2023-05-02,2023-05-05,billing,in_progress,urgent,3
1580,920,2023-02-01,2023-02-15,shipping,closed,low,14
1581,920,2023-03-03,2023-03-10,shipping,resolved,medium,7
1582,921,2023-02-01,2023-02-08,shipping,closed,medium,7
1583,923,2023-02-01,2023-02-10,other,open,medium,9
1584,923,2023-03-03,2023-03-13,product,in_progress,low,10
1585,925,2023-02-01,2023-02-08,billing,resolved,urgent,7
1586,926,2023-02-01,2023-02-14,product,in_progress,medium,13
1587,929,2023-02-01,2023-02-09,other,closed,high,8
1588,929,2023-03-03,2023-03-16,shipping,resolved,urgent,13
1589,930,2023-02-01,2023-02-14,technical,resolved,medium,13
1590,934,2023-02-01,2023-02-08,shipping,resolved,urgent,7
1591,935,2023-02-01,2023-02-02,shipping,in_progress,urgent,1
1592,935,2023-03-03,2023-03-06,shipping,in_progress,low,3
1593,936,2023-02-01,2023-02-03,product,resolved,medium,2
1594,937,2023-02-01,2023-02-15,billing,resolved,high,14
1595,937,2023-03-03,2023-03-11,product,resolved,medium,8
1596,937,2023-04-02,2023-04-16,shipping,open,high,14
1597,939,2023-02-01,2023-02-07,shipping,in_progress,low,6
1598,939,2023-03-03,2023-03-13,technical,in_progress,medium,10
1599,939,2023-04-02,2023-04-12,shipping,in_progress,urgent,10
1600,939,2023-05-02,2023-05-11,product,closed,high,9
1601,940,2023-02-01,2023-02-08,shipping,closed,urgent,7
1602,940,2023-03-03,2023-03-04,other,closed,urgent,1
1603,943,2023-02-01,2023-02-07,technical,in_progress,low,6
1604,943,2023-03-03,2023-03-13,other,resolved,low,10
1605,944,2023-02-01,2023-02-09,technical,in_progress,high,8
1606,946,2023-02-01,2023-02-10,technical,resolved,high,9
1607,946,2023-03-03,2023-03-16,product,closed,urgent,13
1608,948,2023-02-01,2023-02-09,product,resolved,low,8
1609,948,2023-03-03,2023-03-13,product,closed,medium,10
1610,948,2023-04-02,2023-04-12,product,in_progress,low,10
1611,948,2023-05-02,2023-05-04,other,resolved,medium,2
1612,949,2023-02-01,2023-02-10,billing,resolved,medium,9
1613,949,2023-03-03,2023-03-08,billing,resolved,medium,5
1614,949,2023-04-02,2023-04-12,billing,in_progress,medium,10
1615,950,2023-02-01,2023-02-11,technical,open,low,10
1616,950,2023-03-03,2023-03-09,other,resolved,low,6
1617,950,2023-04-02,2023-04-05,product,closed,urgent,3
1618,951,2023-02-01,2023-02-05,other,in_progress,low,4
1619,951,2023-03-03,2023-03-08,shipping,open,urgent,5
1620,951,2023-04-02,2023-04-03,technical,closed,urgent,1
1621,951,2023-05-02,2023-05-16,shipping,open,high,14
1622,952,2023-02-01,2023-02-08,billing,in_progress,urgent,7
1623,952,2023-03-03,2023-03-10,technical,closed,high,7
1624,952,2023-04-02,2023-04-10,billing,in_progress,high,8
1625,953,2023-02-01,2023-02-09,product,open,low,8
1626,954,2023-02-01,2023-02-09,technical,open,low,8
1627,954,2023-03-03,2023-03-04,other,resolved,high,1
1628,954,2023-04-02,2023-04-04,product,resolved,high,2
1629,954,2023-05-02,2023-05-10,shipping,closed,high,8
1630,956,2023-02-01,2023-02-08,technical,resolved,high,7
1631,956,2023-03-03,2023-03-13,shipping,open,urgent,10
1632,958,2023-02-01,2023-02-05,billing,open,low,4
1633,958,2023-03-03,2023-03-16,product,in_progress,low,13
1634,958,2023-04-02,2023-04-10,shipping,closed,low,8
1635,959,2023-02-01,2023-02-02,other,resolved,medium,1
1636,961,2023-02-01,2023-02-13,other,in_progress,urgent,12
1637,961,2023-03-03,2023-03-11,technical,open,high,8
1638,961,2023-04-02,2023-04-05,technical,in_progress,medium,3
1639,962,2023-02-01,2023-02-07,product,closed,low,6
1640,962,2023-03-03,2023-03-08,billing,resolved,medium,5
1641,962,2023-04-02,2023-04-13,technical,closed,low,11
1642,962,2023-05-02,2023-05-11,product,in_progress,low,9
1643,963,2023-02-01,2023-02-04,technical,in_progress,medium,3
1644,963,2023-03-03,2023-03-04,product,closed,medium,1
1645,963,2023-04-02,2023-04-13,billing,closed,urgent,11
1646,964,2023-02-01,2023-02-10,technical,open,urgent,9
1647,964,2023-03-03,2023-03-14,shipping,resolved,low,11
1648,964,2023-04-02,2023-04-15,other,resolved,low,13
1649,966,2023-02-01,2023-02-07,product,open,urgent,6
1650,968,2023-02-01,2023-02-05,shipping,in_progress,medium,4
1651,968,2023-03-03,2023-03-13,technical,resolved,high,10
1652,968,2023-04-02,2023-04-15,billing,in_progress,low,13
1653,968,2023-05-02,2023-05-05,billing,in_progress,high,3
1654,969,2023-02-01,2023-02-13,billing,in_progress,low,12
1655,969,2023-03-03,2023-03-13,shipping,resolved,high,10
1656,969,2023-04-02,2023-04-03,billing,in_progress,high,1
1657,970,2023-02-01,2023-02-05,shipping,in_progress,medium,4
1658,971,2023-02-01,2023-02-15,technical,closed,urgent,14
1659,972,2023-02-01,2023-02-02,shipping,in_progress,medium,1
1660,972,2023-03-03,2023-03-14,product,in_progress,high,11
1661,972,2023-04-02,2023-04-08,technical,in_progress,low,6
1662,973,2023-02-01,2023-02-04,shipping,resolved,urgent,3
1663,973,2023-03-03,2023-03-09,billing,in_progress,medium,6
1664,974,2023-02-01,2023-02-14,shipping,in_progress,low,13
1665,974,2023-03-03,2023-03-09,product,closed,low,6
1666,974,2023-04-02,2023-04-10,technical,open,low,8
1667,975,2023-02-01,2023-02-07,product,in_progress,urgent,6
1668,975,2023-03-03,2023-03-08,other,in_progress,medium,5
1669,975,2023-04-02,2023-04-16,technical,resolved,high,14
1670,976,2023-02-01,2023-02-06,shipping,closed,high,5
1671,976,2023-03-03,2023-03-13,other,closed,medium,10
1672,976,2023-04-02,2023-04-13,other,open,low,11
1673,976,2023-05-02,2023-05-14,other,resolved,low,12
1674,977,2023-02-01,2023-02-05,product,closed,medium,4
1675,977,2023-03-03,2023-03-10,shipping,in_progress,low,7
1676,977,2023-04-02,2023-04-04,other,in_progress,high,2
1677,977,2023-05-02,2023-05-09,shipping,open,low,7
1678,978,2023-02-01,2023-02-10,technical,closed,medium,9
1679,979,2023-02-01,2023-02-05,technical,open,medium,4
1680,981,2023-02-01,2023-02-15,product,resolved,low,14
1681,982,2023-02-01,2023-02-04,product,open,low,3
1682,982,2023-03-03,2023-03-11,shipping,closed,urgent,8
1683,982,2023-04-02,2023-04-15,technical,closed,urgent,13
1684,983,2023-02-01,2023-02-14,billing,open,medium,13
1685,987,2023-02-01,2023-02-15,technical,open,low,14
1686,987,2023-03-03,2023-03-14,shipping,resolved,low,11
1687,987,2023-04-02,2023-04-13,technical,resolved,urgent,11
1688,987,2023-05-02,2023-05-15,technical,resolved,low,13
1689,988,2023-02-01,2023-02-11,shipping,in_progress,urgent,10
1690,990,2023-02-01,2023-02-13,technical,in_progress,high,12
1691,990,2023-03-03,2023-03-07,billing,open,medium,4
1692,990,2023-04-02,2023-04-09,shipping,in_progress,high,7
1693,990,2023-05-02,2023-05-07,other,resolved,medium,5
1694,992,2023-02-01,2023-02-02,shipping,closed,low,1
1695,992,2023-03-03,2023-03-17,technical,open,medium,14
1696,993,2023-02-01,2023-02-10,technical,in_progress,high,9
1697,993,2023-03-03,2023-03-07,product,in_progress,urgent,4
1698,993,2023-04-02,2023-04-11,billing,open,medium,9
1699,995,2023-02-01,2023-02-04,shipping,closed,low,3
1700,995,2023-03-03,2023-03-17,billing,closed,high,14
1701,996,2023-02-01,2023-02-06,other,resolved,low,5
1702,996,2023-03-03,2023-03-07,shipping,closed,urgent,4
1703,996,2023-04-02,2023-04-09,shipping,resolved,low,7
1704,996,2023-05-02,2023-05-12,billing,closed,high,10
1705,997,2023-02-01,2023-02-10,technical,resolved,high,9
1706,997,2023-03-03,2023-03-07,product,closed,urgent,4
1707,998,2023-02-01,2023-02-14,shipping,closed,medium,13
1708,998,2023-03-03,2023-03-17,technical,open,medium,14
1709,998,2023-04-02,2023-04-07,shipping,resolved,high,5
