customer_id,first_name,last_name,full_name,email,signup_date,country,city,gender,age_group,segment
1,Sam,Miller,Sam Miller,customer_1@example.com,2022-03-11,Colombia,Barranquilla,Other,55+,Active
2,Jordan,Martinez,Jordan Martinez,customer_2@example.com,2022-01-20,Brazil,Brasilia,Female,35-44,Active
3,Jordan,Lopez,Jordan Lopez,customer_3@example.com,2023-02-09,Spain,Barcelona,Female,45-54,VIP
4,Taylor,Smith,Taylor Smith,customer_4@example.com,2022-04-29,Colombia,Bogotá,Other,45-54,New
5,Jamie,Johnson,Jamie Johnson,customer_5@example.com,2022-02-24,USA,New York,Female,25-34,Active
6,Morgan,Martinez,Morgan Martinez,customer_6@example.com,2022-03-01,Mexico,Monterrey,Other,18-24,Churn Risk
7,Jamie,Brown,Jamie Brown,customer_7@example.com,2022-03-17,USA,Miami,Female,25-34,Active
8,Taylor,Miller,Taylor Miller,customer_8@example.com,2022-01-19,Spain,Valencia,Male,45-54,Active
9,Alex,Johnson,Alex Johnson,customer_9@example.com,2023-09-20,Colombia,Cali,Male,35-44,VIP
10,Sam,Smith,Sam Smith,customer_10@example.com,2022-04-28,USA,Los Angeles,Male,18-24,New
11,Sam,Davis,Sam Davis,customer_11@example.com,2023-12-11,Brazil,Brasilia,Other,45-54,Churn Risk
12,Jamie,Brown,Jamie Brown,customer_12@example.com,2023-05-20,Colombia,Medellín,Male,25-34,Active
13,Sam,Smith,Sam Smith,customer_13@example.com,2022-09-11,USA,New York,Female,55+,Active
15,Jordan,Garcia,Jordan Garcia,customer_15@example.com,2023-03-02,Colombia,Cali,Other,25-34,Churn Risk
16,Jamie,Brown,Jamie Brown,customer_16@example.com,2022-02-18,Spain,Madrid,Male,25-34,VIP
17,Chris,Martinez,Chris Martinez,customer_17@example.com,2023-09-30,Spain,Barcelona,Other,25-34,Churn Risk
18,Alex,Martinez,Alex Martinez,customer_18@example.com,2022-07-01,Colombia,Barranquilla,Female,45-54,VIP
19,Morgan,Martinez,Morgan Martinez,customer_19@example.com,2023-10-26,Brazil,São Paulo,Male,45-54,New
20,Pat,Lopez,Pat Lopez,customer_20@example.com,2022-08-08,Brazil,Rio de Janeiro,Other,35-44,Churn Risk
22,Jamie,Johnson,Jamie Johnson,customer_22@example.com,2023-02-04,Brazil,Rio de Janeiro,Female,25-34,New
23,Taylor,Smith,Taylor Smith,customer_23@example.com,2022-08-16,Spain,Barcelona,Other,45-54,Active
25,Alex,Brown,Alex Brown,customer_25@example.com,2022-07-15,Mexico,Monterrey,Female,18-24,Churn Risk
26,Taylor,Miller,Taylor Miller,customer_26@example.com,2023-10-17,Mexico,Monterrey,Other,55+,Active
27,Alex,Brown,Alex Brown,customer_27@example.com,2022-11-10,Mexico,Guadalajara,Male,25-34,New
28,Chris,Brown,Chris Brown,customer_28@example.com,2022-11-01,USA,Los Angeles,Other,35-44,New
29,Jordan,Smith,Jordan Smith,customer_29@example.com,2022-06-10,Spain,Madrid,Female,55+,VIP
32,Morgan,Lopez,Morgan Lopez,customer_32@example.com,2022-10-16,Mexico,CDMX,Male,55+,New
33,Sam,Smith,Sam Smith,customer_33@example.com,2023-02-27,Mexico,Guadalajara,Female,18-24,New
34,Pat,Lopez,Pat Lopez,customer_34@example.com,2023-09-02,Mexico,Guadalajara,Male,25-34,New
35,Pat,Miller,Pat Miller,customer_35@example.com,2022-02-26,Spain,Barcelona,Female,25-34,Active
36,Morgan,Lopez,Morgan Lopez,customer_36@example.com,2023-08-11,USA,New York,Other,45-54,Churn Risk
37,Jamie,Garcia,Jamie Garcia,customer_37@example.com,2023-07-15,Mexico,Monterrey,Other,55+,VIP
38,Taylor,Lopez,Taylor Lopez,customer_38@example.com,2022-08-02,Mexico,Monterrey,Other,55+,Churn Risk
39,Sam,Brown,Sam Brown,customer_39@example.com,2023-11-11,Brazil,Rio de Janeiro,Female,45-54,Active
40,Chris,Smith,Chris Smith,customer_40@example.com,2022-09-11,Colombia,Cali,Other,45-54,New
41,Pat,Davis,Pat Davis,customer_41@example.com,2023-03-12,Mexico,Monterrey,Other,18-24,Churn Risk
42,Sam,Brown,Sam Brown,customer_42@example.com,2022-11-03,Mexico,Monterrey,Other,45-54,Active
43,Taylor,Brown,Taylor Brown,customer_43@example.com,2023-08-20,Brazil,São Paulo,Other,18-24,Churn Risk
44,Taylor,Martinez,Taylor Martinez,customer_44@example.com,2023-03-30,Mexico,Guadalajara,Female,35-44,New
46,Chris,Garcia,Chris Garcia,customer_46@example.com,2022-02-09,USA,Los Angeles,Female,18-24,VIP
47,Jamie,Miller,Jamie Miller,customer_47@example.com,2023-09-05,Colombia,Cali,Other,55+,VIP
48,Taylor,Garcia,Taylor Garcia,customer_48@example.com,2022-01-16,USA,New York,Male,55+,Churn Risk
49,Pat,Brown,Pat Brown,customer_49@example.com,2022-06-11,Spain,Madrid,Female,25-34,Churn Risk
51,Jamie,Garcia,Jamie Garcia,customer_51@example.com,2023-06-21,USA,Los Angeles,Other,18-24,VIP
53,Chris,Johnson,Chris Johnson,customer_53@example.com,2023-01-17,Colombia,Barranquilla,Female,55+,Churn Risk
54,Alex,Martinez,Alex Martinez,customer_54@example.com,2023-05-01,Spain,Madrid,Female,35-44,VIP
55,Sam,Johnson,Sam Johnson,customer_55@example.com,2022-12-30,Brazil,São Paulo,Male,55+,VIP
56,Sam,Martinez,Sam Martinez,customer_56@example.com,2023-04-21,Mexico,Guadalajara,Female,25-34,VIP
58,Pat,Smith,Pat Smith,customer_58@example.com,2023-11-06,Spain,Barcelona,Female,18-24,Churn Risk
59,Sam,Smith,Sam Smith,customer_59@example.com,2022-10-06,Mexico,Guadalajara,Female,18-24,New
61,Pat,Davis,Pat Davis,customer_61@example.com,2022-10-16,Brazil,Brasilia,Male,25-34,Active
62,Morgan,Lopez,Morgan Lopez,customer_62@example.com,2022-07-20,USA,Los Angeles,Male,35-44,VIP
63,Morgan,Lopez,Morgan Lopez,customer_63@example.com,2022-05-23,Mexico,CDMX,Other,55+,Churn Risk
65,Jordan,Lopez,Jordan Lopez,customer_65@example.com,2023-10-16,Colombia,Bogotá,Male,18-24,Churn Risk
67,Morgan,Johnson,Morgan Johnson,customer_67@example.com,2022-04-25,Brazil,São Paulo,Male,35-44,Churn Risk
69,Chris,Miller,Chris Miller,customer_69@example.com,2023-07-12,USA,Los Angeles,Female,45-54,New
70,Pat,Davis,Pat Davis,customer_70@example.com,2023-05-22,USA,Los Angeles,Male,18-24,VIP
72,Morgan,Lopez,Morgan Lopez,customer_72@example.com,2022-03-24,Mexico,Guadalajara,Female,35-44,Churn Risk
73,Alex,Martinez,Alex Martinez,customer_73@example.com,2022-06-22,Mexico,Monterrey,Other,18-24,Churn Risk
74,Alex,Martinez,Alex Martinez,customer_74@example.com,2023-02-02,Brazil,Brasilia,Female,55+,New
75,Pat,Smith,Pat Smith,customer_75@example.com,2022-11-16,Brazil,São Paulo,Male,45-54,New
76,Sam,Smith,Sam Smith,customer_76@example.com,2022-11-30,USA,New York,Female,18-24,VIP
78,Alex,Brown,Alex Brown,customer_78@example.com,2023-09-14,USA,Miami,Female,18-24,VIP
80,Alex,Miller,Alex Miller,customer_80@example.com,2023-11-01,Spain,Barcelona,Other,35-44,VIP
81,Morgan,Brown,Morgan Brown,customer_81@example.com,2022-11-21,Mexico,CDMX,Male,35-44,VIP
82,Jordan,Smith,Jordan Smith,customer_82@example.com,2023-03-21,Colombia,Bogotá,Male,45-54,Churn Risk
83,Jamie,Miller,Jamie Miller,customer_83@example.com,2022-03-06,Colombia,Medellín,Male,45-54,Active
84,Morgan,Davis,Morgan Davis,customer_84@example.com,2023-10-21,Brazil,Rio de Janeiro,Female,45-54,New
85,Pat,Martinez,Pat Martinez,customer_85@example.com,2023-05-20,Spain,Valencia,Male,35-44,VIP
86,Taylor,Brown,Taylor Brown,customer_86@example.com,2023-08-02,Brazil,Rio de Janeiro,Female,45-54,Active
87,Morgan,Smith,Morgan Smith,customer_87@example.com,2023-08-07,Mexico,Monterrey,Other,18-24,Active
88,Taylor,Lopez,Taylor Lopez,customer_88@example.com,2023-12-31,Colombia,Bogotá,Other,35-44,VIP
89,Alex,Brown,Alex Brown,customer_89@example.com,2023-09-13,Mexico,CDMX,Male,35-44,VIP
90,Taylor,Miller,Taylor Miller,customer_90@example.com,2023-11-20,USA,New York,Male,55+,Active
91,Alex,Lopez,Alex Lopez,customer_91@example.com,2022-05-16,Colombia,Medellín,Other,45-54,VIP
92,Morgan,Brown,Morgan Brown,customer_92@example.com,2023-12-05,Colombia,Medellín,Female,25-34,Churn Risk
93,Jamie,Brown,Jamie Brown,customer_93@example.com,2023-07-07,Colombia,Bogotá,Male,55+,Churn Risk
94,Morgan,Smith,Morgan Smith,customer_94@example.com,2023-07-05,USA,Los Angeles,Male,35-44,Active
95,Jordan,Davis,Jordan Davis,customer_95@example.com,2023-07-12,USA,Los Angeles,Male,18-24,VIP
96,Taylor,Miller,Taylor Miller,customer_96@example.com,2023-04-01,Brazil,Brasilia,Male,55+,New
97,Jamie,Smith,Jamie Smith,customer_97@example.com,2022-10-28,Brazil,São Paulo,Female,45-54,Active
98,Sam,Lopez,Sam Lopez,customer_98@example.com,2022-12-09,Spain,Madrid,Female,55+,Churn Risk
99,Taylor,Johnson,Taylor Johnson,customer_99@example.com,2023-10-20,Colombia,Cali,Female,45-54,Active
100,Taylor,Johnson,Taylor Johnson,customer_100@example.com,2023-04-30,Colombia,Cali,Other,45-54,VIP
102,Alex,Martinez,Alex Martinez,customer_102@example.com,2023-01-13,Brazil,São Paulo,Other,18-24,Churn Risk
103,Jordan,Smith,Jordan Smith,customer_103@example.com,2022-07-21,Mexico,Monterrey,Female,35-44,Churn Risk
104,Pat,Johnson,Pat Johnson,customer_104@example.com,2023-07-17,Spain,Barcelona,Female,18-24,New
105,Taylor,Lopez,Taylor Lopez,customer_105@example.com,2023-10-29,Brazil,Brasilia,Male,25-34,New
106,Jamie,Johnson,Jamie Johnson,customer_106@example.com,2022-03-22,USA,Miami,Male,45-54,Churn Risk
107,Morgan,Brown,Morgan Brown,customer_107@example.com,2022-12-23,USA,New York,Male,18-24,Churn Risk
108,Jamie,Smith,Jamie Smith,customer_108@example.com,2022-10-21,Colombia,Cali,Male,35-44,Active
109,Jordan,Davis,Jordan Davis,customer_109@example.com,2022-03-14,Brazil,Brasilia,Male,25-34,Active
111,Jamie,Garcia,Jamie Garcia,customer_111@example.com,2022-07-14,Brazil,Rio de Janeiro,Other,18-24,Churn Risk
112,Sam,Smith,Sam Smith,customer_112@example.com,2022-04-28,USA,Miami,Male,25-34,VIP
113,Morgan,Martinez,Morgan Martinez,customer_113@example.com,2023-02-25,Brazil,São Paulo,Male,18-24,Churn Risk
114,Jordan,Johnson,Jordan Johnson,customer_114@example.com,2023-03-20,Brazil,Brasilia,Female,45-54,Churn Risk
115,Morgan,Garcia,Morgan Garcia,customer_115@example.com,2022-05-06,USA,Los Angeles,Other,18-24,New
116,Jamie,Martinez,Jamie Martinez,customer_116@example.com,2023-03-16,Spain,Barcelona,Female,18-24,Churn Risk
117,Jordan,Johnson,Jordan Johnson,customer_117@example.com,2023-01-11,Brazil,São Paulo,Other,35-44,Churn Risk
118,Sam,Lopez,Sam Lopez,customer_118@example.com,2022-12-29,Spain,Barcelona,Other,25-34,Churn Risk
119,Sam,Brown,Sam Brown,customer_119@example.com,2022-09-02,Mexico,Guadalajara,Female,25-34,New
120,Jordan,Johnson,Jordan Johnson,customer_120@example.com,2022-05-04,Mexico,CDMX,Male,35-44,Churn Risk
121,Taylor,Smith,Taylor Smith,customer_121@example.com,2023-01-04,Brazil,Rio de Janeiro,Male,55+,Churn Risk
122,Jordan,Miller,Jordan Miller,customer_122@example.com,2022-10-05,Brazil,São Paulo,Male,55+,New
123,Chris,Brown,Chris Brown,customer_123@example.com,2023-01-14,Colombia,Bogotá,Other,35-44,Churn Risk
124,Jamie,Brown,Jamie Brown,customer_124@example.com,2023-07-17,Mexico,Guadalajara,Female,18-24,New
125,Taylor,Garcia,Taylor Garcia,customer_125@example.com,2022-12-25,Brazil,São Paulo,Other,18-24,VIP
126,Jordan,Davis,Jordan Davis,customer_126@example.com,2022-05-19,Spain,Valencia,Other,55+,New
127,Jamie,Lopez,Jamie Lopez,customer_127@example.com,2023-10-26,USA,Miami,Female,35-44,New
128,Alex,Brown,Alex Brown,customer_128@example.com,2022-06-13,Spain,Madrid,Female,35-44,Churn Risk
129,Chris,Garcia,Chris Garcia,customer_129@example.com,2023-11-16,USA,New York,Other,45-54,Active
130,Sam,Davis,Sam Davis,customer_130@example.com,2023-04-21,Spain,Barcelona,Male,18-24,VIP
131,Pat,Johnson,Pat Johnson,customer_131@example.com,2023-06-08,Brazil,São Paulo,Female,18-24,Churn Risk
132,Jamie,Martinez,Jamie Martinez,customer_132@example.com,2023-08-05,USA,Miami,Other,25-34,VIP
133,Pat,Miller,Pat Miller,customer_133@example.com,2023-02-11,USA,New York,Other,35-44,Churn Risk
134,Chris,Smith,Chris Smith,customer_134@example.com,2023-11-22,Colombia,Cali,Male,35-44,Active
135,Morgan,Davis,Morgan Davis,customer_135@example.com,2022-12-31,Brazil,Brasilia,Other,18-24,VIP
137,Alex,Smith,Alex Smith,customer_137@example.com,2022-05-27,Brazil,São Paulo,Other,35-44,Churn Risk
138,Morgan,Lopez,Morgan Lopez,customer_138@example.com,2023-12-02,Spain,Madrid,Other,25-34,VIP
139,Sam,Garcia,Sam Garcia,customer_139@example.com,2023-07-20,Spain,Barcelona,Female,25-34,VIP
140,Alex,Miller,Alex Miller,customer_140@example.com,2023-07-01,Spain,Barcelona,Female,18-24,Active
141,Chris,Miller,Chris Miller,customer_141@example.com,2022-04-23,USA,Los Angeles,Other,35-44,New
142,Jordan,Smith,Jordan Smith,customer_142@example.com,2023-07-03,Brazil,São Paulo,Male,55+,VIP
143,Alex,Martinez,Alex Martinez,customer_143@example.com,2023-07-01,Colombia,Cali,Female,18-24,Active
144,Morgan,Lopez,Morgan Lopez,customer_144@example.com,2022-03-16,Brazil,Rio de Janeiro,Other,35-44,Active
145,Jordan,Miller,Jordan Miller,customer_145@example.com,2022-10-17,Brazil,São Paulo,Male,55+,Churn Risk
146,Jamie,Johnson,Jamie Johnson,customer_146@example.com,2023-10-19,USA,Miami,Other,25-34,Active
147,Taylor,Johnson,Taylor Johnson,customer_147@example.com,2023-03-26,Brazil,Rio de Janeiro,Female,55+,VIP
148,Morgan,Garcia,Morgan Garcia,customer_148@example.com,2022-08-03,Brazil,Rio de Janeiro,Female,35-44,Active
149,Jordan,Davis,Jordan Davis,customer_149@example.com,2022-11-17,Spain,Valencia,Male,18-24,Active
150,Jordan,Garcia,Jordan Garcia,customer_150@example.com,2022-02-22,Spain,Madrid,Other,18-24,New
151,Morgan,Miller,Morgan Miller,customer_151@example.com,2023-03-22,Colombia,Cali,Female,25-34,VIP
152,Pat,Johnson,Pat Johnson,customer_152@example.com,2023-02-16,Brazil,Rio de Janeiro,Female,45-54,New
153,Sam,Davis,Sam Davis,customer_153@example.com,2023-04-11,Brazil,São Paulo,Other,25-34,Active
154,Sam,Smith,Sam Smith,customer_154@example.com,2023-12-17,Mexico,Monterrey,Male,18-24,Churn Risk
155,Jordan,Johnson,Jordan Johnson,customer_155@example.com,2022-04-06,Colombia,Medellín,Female,18-24,Churn Risk
156,Pat,Brown,Pat Brown,customer_156@example.com,2022-06-06,Mexico,CDMX,Other,18-24,New
157,Alex,Garcia,Alex Garcia,customer_157@example.com,2023-11-05,USA,Los Angeles,Female,35-44,New
158,Pat,Miller,Pat Miller,customer_158@example.com,2023-07-22,USA,New York,Other,55+,New
159,Chris,Brown,Chris Brown,customer_159@example.com,2023-12-30,Mexico,Monterrey,Other,25-34,Churn Risk
160,Sam,Brown,Sam Brown,customer_160@example.com,2022-04-11,Spain,Madrid,Male,45-54,Churn Risk
161,Morgan,Smith,Morgan Smith,customer_161@example.com,2023-08-29,Colombia,Barranquilla,Male,55+,VIP
162,Taylor,Brown,Taylor Brown,customer_162@example.com,2022-04-11,USA,Los Angeles,Female,45-54,VIP
163,Morgan,Miller,Morgan Miller,customer_163@example.com,2023-10-20,Colombia,Cali,Female,35-44,VIP
165,Morgan,Smith,Morgan Smith,customer_165@example.com,2022-01-13,Colombia,Barranquilla,Female,55+,New
166,Chris,Miller,Chris Miller,customer_166@example.com,2023-10-11,Brazil,Brasilia,Male,35-44,Active
167,Jordan,Davis,Jordan Davis,customer_167@example.com,2022-06-22,Colombia,Barranquilla,Male,25-34,New
168,Sam,Martinez,Sam Martinez,customer_168@example.com,2022-11-22,Brazil,Rio de Janeiro,Male,45-54,VIP
170,Jordan,Martinez,Jordan Martinez,customer_170@example.com,2022-08-23,Colombia,Barranquilla,Other,55+,New
171,Pat,Johnson,Pat Johnson,customer_171@example.com,2023-07-19,Colombia,Medellín,Other,55+,Active
172,Pat,Miller,Pat Miller,customer_172@example.com,2023-02-02,Spain,Madrid,Female,35-44,New
173,Pat,Smith,Pat Smith,customer_173@example.com,2022-07-01,USA,Los Angeles,Male,35-44,New
174,Taylor,Johnson,Taylor Johnson,customer_174@example.com,2022-08-18,Brazil,Rio de Janeiro,Male,45-54,Churn Risk
175,Alex,Miller,Alex Miller,customer_175@example.com,2023-08-27,Brazil,Brasilia,Female,45-54,Churn Risk
176,Sam,Davis,Sam Davis,customer_176@example.com,2023-11-05,Spain,Barcelona,Male,55+,New
177,Chris,Davis,Chris Davis,customer_177@example.com,2023-09-30,Colombia,Cali,Other,55+,VIP
178,Taylor,Davis,Taylor Davis,customer_178@example.com,2022-11-03,Spain,Valencia,Male,35-44,VIP
179,Alex,Miller,Alex Miller,customer_179@example.com,2023-04-01,Colombia,Cali,Male,35-44,VIP
180,Alex,Brown,Alex Brown,customer_180@example.com,2023-09-02,USA,New York,Female,45-54,New
181,Taylor,Johnson,Taylor Johnson,customer_181@example.com,2023-05-31,Brazil,Brasilia,Female,18-24,Churn Risk
182,Sam,Davis,Sam Davis,customer_182@example.com,2023-06-24,Spain,Barcelona,Female,18-24,New
183,Taylor,Davis,Taylor Davis,customer_183@example.com,2022-12-28,USA,Miami,Male,25-34,New
184,Jordan,Garcia,Jordan Garcia,customer_184@example.com,2022-09-24,Mexico,Monterrey,Male,55+,VIP
186,Morgan,Martinez,Morgan Martinez,customer_186@example.com,2023-05-06,Brazil,Brasilia,Male,18-24,Churn Risk
187,Jamie,Lopez,Jamie Lopez,customer_187@example.com,2023-12-01,Brazil,Rio de Janeiro,Male,18-24,Active
188,Alex,Johnson,Alex Johnson,customer_188@example.com,2022-01-05,Mexico,Guadalajara,Male,35-44,VIP
189,Pat,Garcia,Pat Garcia,customer_189@example.com,2022-01-15,Colombia,Medellín,Male,25-34,New
190,Pat,Lopez,Pat Lopez,customer_190@example.com,2023-08-21,Spain,Barcelona,Female,25-34,Active
191,Jordan,Davis,Jordan Davis,customer_191@example.com,2022-01-03,Mexico,Guadalajara,Female,55+,VIP
192,Sam,Martinez,Sam Martinez,customer_192@example.com,2022-06-10,Brazil,São Paulo,Male,35-44,New
194,Morgan,Martinez,Morgan Martinez,customer_194@example.com,2023-05-07,Mexico,Monterrey,Female,18-24,VIP
195,Taylor,Miller,Taylor Miller,customer_195@example.com,2023-11-27,Brazil,Brasilia,Other,25-34,Active
196,Sam,Brown,Sam Brown,customer_196@example.com,2023-08-24,Colombia,Barranquilla,Female,35-44,Churn Risk
198,Pat,Martinez,Pat Martinez,customer_198@example.com,2023-09-12,Mexico,Guadalajara,Other,55+,Churn Risk
200,Alex,Garcia,Alex Garcia,customer_200@example.com,2022-09-02,Spain,Barcelona,Female,25-34,Churn Risk
201,Jamie,Lopez,Jamie Lopez,customer_201@example.com,2022-12-18,Spain,Barcelona,Other,18-24,Churn Risk
202,Taylor,Miller,Taylor Miller,customer_202@example.com,2022-04-03,Colombia,Cali,Female,45-54,New
203,Taylor,Brown,Taylor Brown,customer_203@example.com,2023-05-27,Spain,Barcelona,Female,35-44,New
204,Morgan,Miller,Morgan Miller,customer_204@example.com,2023-08-26,Mexico,Guadalajara,Female,55+,Churn Risk
205,Sam,Martinez,Sam Martinez,customer_205@example.com,2023-10-15,Colombia,Bogotá,Male,25-34,VIP
207,Jamie,Davis,Jamie Davis,customer_207@example.com,2023-10-29,Colombia,Medellín,Female,35-44,New
208,Morgan,Smith,Morgan Smith,customer_208@example.com,2023-02-08,Colombia,Bogotá,Male,35-44,Churn Risk
209,Sam,Johnson,Sam Johnson,customer_209@example.com,2023-12-19,Colombia,Cali,Male,25-34,New
210,Taylor,Brown,Taylor Brown,customer_210@example.com,2022-04-01,Brazil,São Paulo,Female,45-54,New
212,Chris,Johnson,Chris Johnson,customer_212@example.com,2023-02-08,Mexico,CDMX,Other,25-34,Churn Risk
213,Alex,Brown,Alex Brown,customer_213@example.com,2022-07-12,USA,New York,Male,25-34,VIP
214,Jordan,Martinez,Jordan Martinez,customer_214@example.com,2023-12-10,Spain,Madrid,Other,35-44,New
215,Sam,Garcia,Sam Garcia,customer_215@example.com,2022-04-19,USA,Miami,Other,25-34,VIP
216,Pat,Martinez,Pat Martinez,customer_216@example.com,2022-03-25,Spain,Madrid,Other,25-34,VIP
217,Jamie,Smith,Jamie Smith,customer_217@example.com,2023-01-03,Spain,Madrid,Other,45-54,Active
218,Taylor,Johnson,Taylor Johnson,customer_218@example.com,2022-09-28,Colombia,Cali,Other,55+,New
220,Jamie,Garcia,Jamie Garcia,customer_220@example.com,2022-02-09,USA,Los Angeles,Other,55+,VIP
222,Jamie,Miller,Jamie Miller,customer_222@example.com,2022-01-04,Mexico,CDMX,Other,25-34,New
223,Jordan,Miller,Jordan Miller,customer_223@example.com,2023-09-20,Colombia,Cali,Other,55+,New
224,Alex,Smith,Alex Smith,customer_224@example.com,2023-05-24,Spain,Barcelona,Male,45-54,Active
225,Chris,Miller,Chris Miller,customer_225@example.com,2023-01-26,Spain,Madrid,Other,55+,New
226,Jamie,Garcia,Jamie Garcia,customer_226@example.com,2022-12-08,Brazil,Brasilia,Other,45-54,VIP
227,Sam,Davis,Sam Davis,customer_227@example.com,2023-02-24,Brazil,Rio de Janeiro,Other,18-24,New
228,Chris,Johnson,Chris Johnson,customer_228@example.com,2023-06-26,Spain,Valencia,Female,55+,New
229,Pat,Smith,Pat Smith,customer_229@example.com,2023-01-17,USA,Los Angeles,Other,45-54,Churn Risk
230,Jordan,Miller,Jordan Miller,customer_230@example.com,2022-09-29,Spain,Barcelona,Other,25-34,Active
231,Morgan,Lopez,Morgan Lopez,customer_231@example.com,2023-06-05,USA,Miami,Male,35-44,VIP
233,Alex,Smith,Alex Smith,customer_233@example.com,2023-07-14,Mexico,Guadalajara,Other,18-24,Churn Risk
234,Pat,Smith,Pat Smith,customer_234@example.com,2022-07-10,Spain,Madrid,Male,35-44,VIP
235,Morgan,Miller,Morgan Miller,customer_235@example.com,2022-07-13,Colombia,Bogotá,Other,35-44,Active
236,Morgan,Johnson,Morgan Johnson,customer_236@example.com,2022-06-16,Colombia,Cali,Male,18-24,New
237,Alex,Brown,Alex Brown,customer_237@example.com,2022-03-14,Mexico,Monterrey,Male,45-54,VIP
239,Alex,Davis,Alex Davis,customer_239@example.com,2023-07-15,Spain,Valencia,Other,55+,Churn Risk
241,Sam,Johnson,Sam Johnson,customer_241@example.com,2022-04-10,Colombia,Bogotá,Female,18-24,Churn Risk
242,Jamie,Lopez,Jamie Lopez,customer_242@example.com,2022-09-27,USA,Los Angeles,Female,55+,Churn Risk
243,Jordan,Garcia,Jordan Garcia,customer_243@example.com,2022-06-17,Brazil,Brasilia,Other,55+,New
244,Jamie,Lopez,Jamie Lopez,customer_244@example.com,2023-06-09,Spain,Valencia,Female,35-44,Churn Risk
245,Sam,Johnson,Sam Johnson,customer_245@example.com,2022-03-30,Brazil,Brasilia,Other,45-54,VIP
246,Sam,Smith,Sam Smith,customer_246@example.com,2023-06-03,Mexico,Guadalajara,Female,35-44,Active
247,Chris,Martinez,Chris Martinez,customer_247@example.com,2023-04-09,USA,Los Angeles,Male,18-24,VIP
249,Jordan,Garcia,Jordan Garcia,customer_249@example.com,2022-05-20,Spain,Valencia,Male,18-24,New
250,Pat,Brown,Pat Brown,customer_250@example.com,2022-04-28,Colombia,Barranquilla,Other,18-24,Active
251,Sam,Lopez,Sam Lopez,customer_251@example.com,2022-07-16,Mexico,CDMX,Other,25-34,Active
252,Jordan,Martinez,Jordan Martinez,customer_252@example.com,2023-11-25,Brazil,São Paulo,Other,35-44,VIP
253,Jamie,Johnson,Jamie Johnson,customer_253@example.com,2023-12-15,Spain,Madrid,Male,18-24,VIP
254,Jordan,Johnson,Jordan Johnson,customer_254@example.com,2022-01-17,Mexico,Guadalajara,Female,25-34,New
256,Alex,Brown,Alex Brown,customer_256@example.com,2022-03-23,Brazil,Rio de Janeiro,Female,45-54,New
257,Alex,Martinez,Alex Martinez,customer_257@example.com,2023-08-06,Colombia,Cali,Other,35-44,Active
258,Sam,Miller,Sam Miller,customer_258@example.com,2023-05-29,Mexico,CDMX,Female,25-34,Churn Risk
259,Morgan,Lopez,Morgan Lopez,customer_259@example.com,2022-01-20,USA,New York,Other,18-24,Active
261,Taylor,Garcia,Taylor Garcia,customer_261@example.com,2023-01-02,Brazil,Brasilia,Female,55+,Active
263,Morgan,Garcia,Morgan Garcia,customer_263@example.com,2022-03-14,USA,Miami,Male,18-24,Churn Risk
264,Taylor,Johnson,Taylor Johnson,customer_264@example.com,2023-02-17,Brazil,Brasilia,Male,35-44,Active
265,Jordan,Davis,Jordan Davis,customer_265@example.com,2022-11-11,Colombia,Medellín,Female,35-44,VIP
266,Jamie,Lopez,Jamie Lopez,customer_266@example.com,2023-09-02,Spain,Valencia,Female,18-24,New
268,Alex,Brown,Alex Brown,customer_268@example.com,2022-03-09,Brazil,São Paulo,Other,18-24,New
269,Alex,Johnson,Alex Johnson,customer_269@example.com,2023-02-24,Brazil,Brasilia,Male,55+,Active
270,Jamie,Lopez,Jamie Lopez,customer_270@example.com,2023-10-19,Mexico,Guadalajara,Female,25-34,Churn Risk
272,Taylor,Garcia,Taylor Garcia,customer_272@example.com,2022-12-07,Mexico,Monterrey,Other,18-24,VIP
273,Sam,Smith,Sam Smith,customer_273@example.com,2022-09-05,Brazil,São Paulo,Male,35-44,New
274,Chris,Martinez,Chris Martinez,customer_274@example.com,2023-05-08,Colombia,Medellín,Other,18-24,New
275,Jamie,Davis,Jamie Davis,customer_275@example.com,2023-01-01,Brazil,Brasilia,Male,35-44,VIP
277,Jordan,Johnson,Jordan Johnson,customer_277@example.com,2022-11-10,Mexico,Monterrey,Male,35-44,VIP
278,Jamie,Davis,Jamie Davis,customer_278@example.com,2023-10-12,Mexico,Guadalajara,Female,35-44,VIP
279,Jordan,Miller,Jordan Miller,customer_279@example.com,2023-11-17,USA,Los Angeles,Other,25-34,Active
280,Jamie,Garcia,Jamie Garcia,customer_280@example.com,2023-11-22,Colombia,Cali,Female,25-34,New
281,Pat,Garcia,Pat Garcia,customer_281@example.com,2022-10-22,Colombia,Bogotá,Male,45-54,VIP
282,Jordan,Smith,Jordan Smith,customer_282@example.com,2023-07-22,Colombia,Medellín,Other,55+,Active
283,Sam,Garcia,Sam Garcia,customer_283@example.com,2022-07-07,Spain,Barcelona,Female,25-34,VIP
284,Taylor,Garcia,Taylor Garcia,customer_284@example.com,2023-07-03,Brazil,Rio de Janeiro,Other,45-54,Active
285,Pat,Miller,Pat Miller,customer_285@example.com,2022-05-19,Mexico,Monterrey,Female,18-24,New
286,Jamie,Davis,Jamie Davis,customer_286@example.com,2023-07-27,Brazil,Rio de Janeiro,Other,45-54,VIP
287,Sam,Lopez,Sam Lopez,customer_287@example.com,2022-05-01,Colombia,Cali,Male,55+,VIP
288,Alex,Johnson,Alex Johnson,customer_288@example.com,2022-01-21,Spain,Madrid,Female,35-44,New
289,Sam,Martinez,Sam Martinez,customer_289@example.com,2022-03-10,Brazil,Brasilia,Male,45-54,VIP
291,Jamie,Johnson,Jamie Johnson,customer_291@example.com,2023-06-19,Brazil,Brasilia,Male,55+,New
292,Jordan,Davis,Jordan Davis,customer_292@example.com,2023-06-28,Mexico,CDMX,Other,55+,VIP
293,Chris,Johnson,Chris Johnson,customer_293@example.com,2022-04-07,Mexico,CDMX,Male,55+,New
294,Sam,Brown,Sam Brown,customer_294@example.com,2023-07-01,Colombia,Medellín,Other,18-24,Active
295,Morgan,Smith,Morgan Smith,customer_295@example.com,2022-03-17,Spain,Barcelona,Other,35-44,Active
296,Pat,Smith,Pat Smith,customer_296@example.com,2022-10-12,Colombia,Cali,Other,55+,Churn Risk
297,Taylor,Davis,Taylor Davis,customer_297@example.com,2023-09-16,Spain,Barcelona,Other,55+,New
298,Jordan,Lopez,Jordan Lopez,customer_298@example.com,2023-09-12,Spain,Barcelona,Female,18-24,Active
300,Sam,Miller,Sam Miller,customer_300@example.com,2023-05-14,Colombia,Medellín,Female,25-34,Active
301,Taylor,Johnson,Taylor Johnson,customer_301@example.com,2023-12-14,Brazil,Brasilia,Female,45-54,Churn Risk
302,Morgan,Lopez,Morgan Lopez,customer_302@example.com,2023-02-16,USA,Miami,Other,55+,New
303,Alex,Garcia,Alex Garcia,customer_303@example.com,2022-07-14,Colombia,Medellín,Female,25-34,New
304,Chris,Garcia,Chris Garcia,customer_304@example.com,2022-05-21,Spain,Barcelona,Female,18-24,Active
305,Jordan,Miller,Jordan Miller,customer_305@example.com,2023-03-09,Spain,Valencia,Male,55+,New
306,Morgan,Brown,Morgan Brown,customer_306@example.com,2022-11-21,Mexico,CDMX,Female,18-24,Churn Risk
308,Morgan,Brown,Morgan Brown,customer_308@example.com,2022-07-12,Mexico,CDMX,Male,18-24,Churn Risk
309,Jordan,Garcia,Jordan Garcia,customer_309@example.com,2022-07-26,Colombia,Cali,Male,55+,Churn Risk
310,Pat,Martinez,Pat Martinez,customer_310@example.com,2022-03-14,Mexico,CDMX,Male,55+,New
311,Taylor,Garcia,Taylor Garcia,customer_311@example.com,2023-09-22,Colombia,Cali,Male,55+,Churn Risk
312,Alex,Brown,Alex Brown,customer_312@example.com,2022-05-19,USA,Miami,Male,18-24,VIP
313,Jamie,Miller,Jamie Miller,customer_313@example.com,2022-07-13,Mexico,Monterrey,Female,45-54,Churn Risk
314,Taylor,Davis,Taylor Davis,customer_314@example.com,2022-04-26,Colombia,Barranquilla,Male,18-24,New
315,Jordan,Brown,Jordan Brown,customer_315@example.com,2022-12-01,Mexico,Guadalajara,Male,35-44,Active
316,Sam,Garcia,Sam Garcia,customer_316@example.com,2023-11-25,Spain,Valencia,Female,35-44,Churn Risk
318,Taylor,Martinez,Taylor Martinez,customer_318@example.com,2022-05-02,Brazil,Brasilia,Other,35-44,VIP
319,Sam,Johnson,Sam Johnson,customer_319@example.com,2022-03-03,USA,Miami,Male,18-24,VIP
320,Jordan,Miller,Jordan Miller,customer_320@example.com,2023-12-20,Brazil,Rio de Janeiro,Male,45-54,VIP
321,Chris,Brown,Chris Brown,customer_321@example.com,2023-01-03,Colombia,Medellín,Male,25-34,VIP
322,Jordan,Garcia,Jordan Garcia,customer_322@example.com,2023-12-05,Colombia,Cali,Male,35-44,Churn Risk
323,Morgan,Martinez,Morgan Martinez,customer_323@example.com,2023-03-18,Brazil,São Paulo,Male,35-44,New
324,Jordan,Brown,Jordan Brown,customer_324@example.com,2023-04-15,Mexico,Guadalajara,Female,25-34,VIP
325,Jordan,Garcia,Jordan Garcia,customer_325@example.com,2022-02-23,Mexico,CDMX,Other,18-24,VIP
326,Chris,Lopez,Chris Lopez,customer_326@example.com,2023-12-17,Spain,Valencia,Female,45-54,Churn Risk
327,Chris,Johnson,Chris Johnson,customer_327@example.com,2023-01-31,Colombia,Medellín,Other,25-34,Churn Risk
328,Jamie,Smith,Jamie Smith,customer_328@example.com,2023-01-19,Mexico,Guadalajara,Female,18-24,Churn Risk
329,Sam,Lopez,Sam Lopez,customer_329@example.com,2022-03-02,USA,Miami,Male,55+,VIP
330,Chris,Lopez,Chris Lopez,customer_330@example.com,2023-08-09,Brazil,São Paulo,Other,55+,Churn Risk
331,Morgan,Lopez,Morgan Lopez,customer_331@example.com,2022-12-06,Brazil,Brasilia,Female,55+,VIP
334,Taylor,Miller,Taylor Miller,customer_334@example.com,2023-11-08,Brazil,São Paulo,Other,55+,New
335,Jordan,Martinez,Jordan Martinez,customer_335@example.com,2022-04-30,USA,Los Angeles,Female,25-34,VIP
336,Pat,Garcia,Pat Garcia,customer_336@example.com,2023-05-19,Colombia,Barranquilla,Other,55+,Churn Risk
337,Chris,Johnson,Chris Johnson,customer_337@example.com,2022-09-21,Spain,Barcelona,Other,18-24,Active
338,Jamie,Garcia,Jamie Garcia,customer_338@example.com,2022-10-03,Spain,Barcelona,Other,55+,Churn Risk
339,Chris,Garcia,Chris Garcia,customer_339@example.com,2022-12-31,USA,New York,Other,35-44,Churn Risk
340,Alex,Garcia,Alex Garcia,customer_340@example.com,2023-04-04,Spain,Madrid,Other,55+,Churn Risk
341,Morgan,Martinez,Morgan Martinez,customer_341@example.com,2022-10-31,USA,Miami,Male,35-44,Active
342,Jamie,Martinez,Jamie Martinez,customer_342@example.com,2023-11-26,Mexico,CDMX,Other,35-44,Active
344,Jamie,Brown,Jamie Brown,customer_344@example.com,2022-05-05,USA,Los Angeles,Female,35-44,New
346,Jordan,Davis,Jordan Davis,customer_346@example.com,2022-01-19,Brazil,São Paulo,Other,25-34,Active
347,Alex,Martinez,Alex Martinez,customer_347@example.com,2022-02-17,Spain,Valencia,Other,35-44,Active
348,Taylor,Brown,Taylor Brown,customer_348@example.com,2022-07-10,Mexico,Monterrey,Other,55+,Churn Risk
349,Taylor,Lopez,Taylor Lopez,customer_349@example.com,2022-04-23,Spain,Barcelona,Female,45-54,Active
350,Sam,Miller,Sam Miller,customer_350@example.com,2022-07-08,Colombia,Medellín,Female,35-44,Churn Risk
354,Sam,Brown,Sam Brown,customer_354@example.com,2023-10-07,Mexico,Monterrey,Other,18-24,Churn Risk
356,Pat,Johnson,Pat Johnson,customer_356@example.com,2022-03-05,Colombia,Bogotá,Other,45-54,New
357,Pat,Johnson,Pat Johnson,customer_357@example.com,2023-12-22,Brazil,Rio de Janeiro,Male,25-34,VIP
358,Morgan,Garcia,Morgan Garcia,customer_358@example.com,2022-02-12,Mexico,CDMX,Other,45-54,VIP
359,Pat,Garcia,Pat Garcia,customer_359@example.com,2022-06-05,Brazil,Rio de Janeiro,Female,55+,New
360,Alex,Lopez,Alex Lopez,customer_360@example.com,2023-03-14,Mexico,CDMX,Female,35-44,VIP
361,Pat,Martinez,Pat Martinez,customer_361@example.com,2022-01-08,Brazil,Brasilia,Male,25-34,Active
363,Taylor,Martinez,Taylor Martinez,customer_363@example.com,2023-03-15,Colombia,Barranquilla,Female,35-44,Churn Risk
364,Morgan,Miller,Morgan Miller,customer_364@example.com,2022-06-04,Spain,Valencia,Male,18-24,Churn Risk
365,Chris,Smith,Chris Smith,customer_365@example.com,2022-08-11,USA,New York,Other,18-24,VIP
367,Pat,Martinez,Pat Martinez,customer_367@example.com,2023-01-15,Spain,Barcelona,Other,55+,Churn Risk
369,Alex,Miller,Alex Miller,customer_369@example.com,2022-12-16,Brazil,São Paulo,Male,35-44,Active
370,Chris,Davis,Chris Davis,customer_370@example.com,2022-12-30,USA,Miami,Female,25-34,Churn Risk
371,Pat,Miller,Pat Miller,customer_371@example.com,2023-07-18,Brazil,Rio de Janeiro,Other,55+,VIP
372,Pat,Smith,Pat Smith,customer_372@example.com,2023-08-07,USA,New York,Other,35-44,Active
373,Jamie,Martinez,Jamie Martinez,customer_373@example.com,2023-10-12,Spain,Barcelona,Other,45-54,New
374,Jordan,Miller,Jordan Miller,customer_374@example.com,2022-02-05,Brazil,São Paulo,Male,25-34,Active
375,Chris,Miller,Chris Miller,customer_375@example.com,2022-06-15,Brazil,Brasilia,Other,25-34,Churn Risk
376,Jamie,Lopez,Jamie Lopez,customer_376@example.com,2023-03-29,USA,Miami,Female,25-34,VIP
377,Morgan,Smith,Morgan Smith,customer_377@example.com,2022-03-06,USA,Miami,Other,25-34,New
378,Jamie,Johnson,Jamie Johnson,customer_378@example.com,2022-03-30,Mexico,CDMX,Female,35-44,VIP
379,Chris,Davis,Chris Davis,customer_379@example.com,2023-05-18,Colombia,Cali,Other,55+,New
380,Taylor,Johnson,Taylor Johnson,customer_380@example.com,2022-03-23,Colombia,Barranquilla,Male,18-24,Churn Risk
381,Sam,Martinez,Sam Martinez,customer_381@example.com,2022-11-23,Brazil,Rio de Janeiro,Male,35-44,VIP
384,Morgan,Martinez,Morgan Martinez,customer_384@example.com,2022-07-06,Mexico,Monterrey,Male,55+,New
385,Jordan,Lopez,Jordan Lopez,customer_385@example.com,2023-08-12,Colombia,Bogotá,Male,45-54,Active
386,Jamie,Smith,Jamie Smith,customer_386@example.com,2023-11-03,Brazil,Brasilia,Other,45-54,New
387,Jordan,Lopez,Jordan Lopez,customer_387@example.com,2023-12-21,USA,Los Angeles,Female,55+,Active
389,Pat,Miller,Pat Miller,customer_389@example.com,2023-09-03,Colombia,Medellín,Female,35-44,VIP
390,Sam,Davis,Sam Davis,customer_390@example.com,2022-12-15,USA,New York,Other,55+,Active
391,Morgan,Smith,Morgan Smith,customer_391@example.com,2022-10-14,Brazil,São Paulo,Female,55+,Active
392,Morgan,Lopez,Morgan Lopez,customer_392@example.com,2023-01-23,Brazil,Brasilia,Male,55+,Churn Risk
393,Alex,Martinez,Alex Martinez,customer_393@example.com,2023-05-15,Mexico,Guadalajara,Male,18-24,Active
394,Alex,Davis,Alex Davis,customer_394@example.com,2022-09-30,Brazil,São Paulo,Female,25-34,Churn Risk
396,Pat,Miller,Pat Miller,customer_396@example.com,2022-11-11,Spain,Valencia,Female,35-44,New
397,Taylor,Smith,Taylor Smith,customer_397@example.com,2023-12-02,Spain,Madrid,Other,25-34,Active
398,Alex,Lopez,Alex Lopez,customer_398@example.com,2022-01-13,Mexico,Monterrey,Female,55+,Active
399,Sam,Brown,Sam Brown,customer_399@example.com,2023-08-29,Mexico,CDMX,Male,18-24,VIP
400,Alex,Martinez,Alex Martinez,customer_400@example.com,2023-12-15,USA,Los Angeles,Other,55+,Churn Risk
401,Alex,Smith,Alex Smith,customer_401@example.com,2022-11-04,Brazil,Rio de Janeiro,Male,18-24,VIP
402,Chris,Miller,Chris Miller,customer_402@example.com,2022-09-22,USA,Los Angeles,Other,45-54,New
403,Alex,Smith,Alex Smith,customer_403@example.com,2022-03-13,Spain,Barcelona,Other,45-54,New
404,Pat,Garcia,Pat Garcia,customer_404@example.com,2022-05-19,USA,Miami,Other,35-44,Churn Risk
405,Jamie,Johnson,Jamie Johnson,customer_405@example.com,2023-12-26,Colombia,Bogotá,Male,25-34,Active
406,Jamie,Garcia,Jamie Garcia,customer_406@example.com,2023-12-13,Spain,Madrid,Male,18-24,Churn Risk
407,Jamie,Smith,Jamie Smith,customer_407@example.com,2022-05-29,USA,Los Angeles,Other,25-34,Churn Risk
408,Taylor,Garcia,Taylor Garcia,customer_408@example.com,2022-09-30,USA,Los Angeles,Female,35-44,VIP
409,Pat,Davis,Pat Davis,customer_409@example.com,2022-10-20,Brazil,Rio de Janeiro,Other,45-54,VIP
410,Sam,Martinez,Sam Martinez,customer_410@example.com,2022-02-27,Mexico,CDMX,Male,45-54,Active
411,Taylor,Davis,Taylor Davis,customer_411@example.com,2023-12-01,Colombia,Bogotá,Female,35-44,Active
413,Pat,Miller,Pat Miller,customer_413@example.com,2023-11-27,Brazil,Brasilia,Other,45-54,New
414,Jamie,Miller,Jamie Miller,customer_414@example.com,2023-09-01,Mexico,Guadalajara,Other,45-54,VIP
415,Taylor,Garcia,Taylor Garcia,customer_415@example.com,2022-05-17,Mexico,Guadalajara,Other,45-54,Churn Risk
416,Morgan,Johnson,Morgan Johnson,customer_416@example.com,2023-08-02,Spain,Madrid,Female,25-34,New
417,Sam,Garcia,Sam Garcia,customer_417@example.com,2022-06-01,Mexico,Guadalajara,Male,35-44,Active
418,Morgan,Garcia,Morgan Garcia,customer_418@example.com,2023-04-05,USA,New York,Male,55+,VIP
419,Chris,Davis,Chris Davis,customer_419@example.com,2022-12-17,Mexico,Monterrey,Female,45-54,VIP
420,Jamie,Davis,Jamie Davis,customer_420@example.com,2023-01-03,Brazil,Brasilia,Male,18-24,Active
422,Jordan,Smith,Jordan Smith,customer_422@example.com,2023-03-09,USA,Miami,Female,55+,Active
424,Taylor,Lopez,Taylor Lopez,customer_424@example.com,2022-05-23,Spain,Madrid,Female,25-34,Active
425,Pat,Smith,Pat Smith,customer_425@example.com,2022-03-11,Brazil,Brasilia,Male,35-44,VIP
426,Morgan,Martinez,Morgan Martinez,customer_426@example.com,2022-04-01,Brazil,Brasilia,Female,55+,VIP
427,Jamie,Davis,Jamie Davis,customer_427@example.com,2022-07-11,USA,Miami,Other,25-34,Active
429,Alex,Miller,Alex Miller,customer_429@example.com,2023-05-18,Colombia,Barranquilla,Other,55+,VIP
431,Jordan,Brown,Jordan Brown,customer_431@example.com,2022-11-07,Spain,Barcelona,Male,35-44,New
432,Alex,Garcia,Alex Garcia,customer_432@example.com,2023-05-29,Spain,Madrid,Male,45-54,Churn Risk
435,Chris,Brown,Chris Brown,customer_435@example.com,2023-03-21,USA,Los Angeles,Male,45-54,Active
436,Morgan,Johnson,Morgan Johnson,customer_436@example.com,2023-11-27,Colombia,Cali,Other,25-34,Churn Risk
437,Taylor,Smith,Taylor Smith,customer_437@example.com,2023-03-15,Brazil,São Paulo,Female,55+,Churn Risk
438,Alex,Davis,Alex Davis,customer_438@example.com,2023-05-05,Colombia,Bogotá,Female,25-34,New
439,Pat,Garcia,Pat Garcia,customer_439@example.com,2022-07-27,Colombia,Medellín,Female,18-24,New
440,Alex,Lopez,Alex Lopez,customer_440@example.com,2023-05-11,Mexico,CDMX,Female,55+,Active
441,Pat,Davis,Pat Davis,customer_441@example.com,2022-03-13,USA,Miami,Male,55+,Churn Risk
442,Morgan,Brown,Morgan Brown,customer_442@example.com,2023-11-06,Spain,Madrid,Female,55+,Active
443,Morgan,Smith,Morgan Smith,customer_443@example.com,2022-01-26,Mexico,CDMX,Other,55+,Active
444,Pat,Garcia,Pat Garcia,customer_444@example.com,2023-03-24,Brazil,Rio de Janeiro,Female,25-34,VIP
445,Pat,Lopez,Pat Lopez,customer_445@example.com,2022-01-13,Colombia,Bogotá,Other,45-54,Churn Risk
446,Sam,Davis,Sam Davis,customer_446@example.com,2023-02-23,USA,Los Angeles,Male,35-44,Churn Risk
447,Jamie,Johnson,Jamie Johnson,customer_447@example.com,2023-03-08,Brazil,Brasilia,Male,55+,New
448,Alex,Garcia,Alex Garcia,customer_448@example.com,2022-06-13,USA,Miami,Male,25-34,VIP
449,Morgan,Lopez,Morgan Lopez,customer_449@example.com,2022-07-06,Spain,Valencia,Female,45-54,New
450,Chris,Davis,Chris Davis,customer_450@example.com,2022-05-16,Mexico,CDMX,Other,35-44,Churn Risk
451,Jordan,Johnson,Jordan Johnson,customer_451@example.com,2023-08-06,Colombia,Cali,Other,25-34,New
452,Sam,Lopez,Sam Lopez,customer_452@example.com,2023-04-03,Colombia,Barranquilla,Female,25-34,Active
453,Jordan,Davis,Jordan Davis,customer_453@example.com,2023-07-26,Spain,Madrid,Female,35-44,Active
455,Jordan,Lopez,Jordan Lopez,customer_455@example.com,2023-09-26,Spain,Valencia,Male,45-54,VIP
456,Pat,Miller,Pat Miller,customer_456@example.com,2023-09-10,Spain,Valencia,Female,25-34,VIP
457,Chris,Martinez,Chris Martinez,customer_457@example.com,2022-01-06,Colombia,Bogotá,Other,35-44,Active
458,Alex,Miller,Alex Miller,customer_458@example.com,2023-01-23,USA,Los Angeles,Other,45-54,New
459,Jordan,Miller,Jordan Miller,customer_459@example.com,2023-12-27,Colombia,Cali,Female,35-44,Active
460,Pat,Miller,Pat Miller,customer_460@example.com,2023-05-30,Colombia,Barranquilla,Male,45-54,VIP
461,Alex,Garcia,Alex Garcia,customer_461@example.com,2022-08-21,Colombia,Medellín,Male,25-34,Churn Risk
462,Jordan,Davis,Jordan Davis,customer_462@example.com,2022-09-13,Spain,Valencia,Other,18-24,VIP
464,Jamie,Miller,Jamie Miller,customer_464@example.com,2023-05-10,Mexico,CDMX,Male,25-34,Active
466,Pat,Johnson,Pat Johnson,customer_466@example.com,2023-08-29,Mexico,CDMX,Other,18-24,New
467,Chris,Garcia,Chris Garcia,customer_467@example.com,2023-04-04,USA,Miami,Other,55+,New
468,Morgan,Smith,Morgan Smith,customer_468@example.com,2023-03-24,Spain,Valencia,Female,25-34,VIP
469,Chris,Lopez,Chris Lopez,customer_469@example.com,2022-11-27,Colombia,Medellín,Male,35-44,Active
470,Sam,Johnson,Sam Johnson,customer_470@example.com,2023-10-18,USA,New York,Female,18-24,VIP
471,Morgan,Miller,Morgan Miller,customer_471@example.com,2022-10-25,USA,Los Angeles,Male,45-54,Churn Risk
472,Sam,Garcia,Sam Garcia,customer_472@example.com,2022-10-10,Mexico,Guadalajara,Other,45-54,VIP
473,Sam,Smith,Sam Smith,customer_473@example.com,2022-03-04,Spain,Barcelona,Male,18-24,VIP
474,Jamie,Brown,Jamie Brown,customer_474@example.com,2022-03-31,Brazil,São Paulo,Female,55+,Churn Risk
475,Pat,Davis,Pat Davis,customer_475@example.com,2023-02-04,Brazil,São Paulo,Female,25-34,Churn Risk
476,Jordan,Brown,Jordan Brown,customer_476@example.com,2022-07-14,Spain,Madrid,Other,45-54,Churn Risk
477,Jordan,Johnson,Jordan Johnson,customer_477@example.com,2022-01-21,Brazil,Brasilia,Male,35-44,Churn Risk
478,Taylor,Smith,Taylor Smith,customer_478@example.com,2022-06-13,Brazil,São Paulo,Female,25-34,New
481,Jordan,Garcia,Jordan Garcia,customer_481@example.com,2023-04-16,Brazil,Rio de Janeiro,Female,55+,Churn Risk
482,Taylor,Martinez,Taylor Martinez,customer_482@example.com,2023-01-02,Spain,Barcelona,Male,35-44,Churn Risk
484,Morgan,Smith,Morgan Smith,customer_484@example.com,2022-05-28,Brazil,Brasilia,Male,45-54,Active
485,Taylor,Davis,Taylor Davis,customer_485@example.com,2023-09-30,Mexico,CDMX,Other,55+,Active
488,Taylor,Johnson,Taylor Johnson,customer_488@example.com,2023-08-12,Mexico,CDMX,Female,18-24,Active
489,Chris,Lopez,Chris Lopez,customer_489@example.com,2022-06-08,Brazil,Brasilia,Other,18-24,New
490,Sam,Davis,Sam Davis,customer_490@example.com,2022-06-30,Spain,Valencia,Female,35-44,VIP
491,Chris,Martinez,Chris Martinez,customer_491@example.com,2022-05-24,Mexico,Guadalajara,Female,55+,Churn Risk
492,Sam,Davis,Sam Davis,customer_492@example.com,2022-12-07,USA,New York,Other,25-34,Churn Risk
493,Alex,Smith,Alex Smith,customer_493@example.com,2022-12-14,Mexico,Monterrey,Male,45-54,New
494,Chris,Johnson,Chris Johnson,customer_494@example.com,2022-04-18,Mexico,Monterrey,Other,25-34,Churn Risk
496,Sam,Brown,Sam Brown,customer_496@example.com,2022-07-14,Mexico,Monterrey,Other,25-34,Churn Risk
497,Chris,Smith,Chris Smith,customer_497@example.com,2023-10-18,Colombia,Medellín,Female,45-54,Active
498,Taylor,Smith,Taylor Smith,customer_498@example.com,2022-04-06,Brazil,Rio de Janeiro,Male,25-34,VIP
499,Jordan,Miller,Jordan Miller,customer_499@example.com,2022-12-27,Mexico,CDMX,Female,25-34,Churn Risk
500,Jamie,Brown,Jamie Brown,customer_500@example.com,2023-06-18,Spain,Barcelona,Male,45-54,Active
501,Alex,Miller,Alex Miller,customer_501@example.com,2022-06-11,USA,Los Angeles,Female,18-24,Active
502,Taylor,Johnson,Taylor Johnson,customer_502@example.com,2022-07-20,Brazil,São Paulo,Female,18-24,Active
503,Taylor,Johnson,Taylor Johnson,customer_503@example.com,2022-11-17,Brazil,Brasilia,Other,45-54,VIP
504,Morgan,Smith,Morgan Smith,customer_504@example.com,2022-03-19,USA,Miami,Female,55+,Churn Risk
505,Taylor,Martinez,Taylor Martinez,customer_505@example.com,2022-05-05,Brazil,São Paulo,Other,55+,Active
506,Jamie,Lopez,Jamie Lopez,customer_506@example.com,2023-11-05,Spain,Barcelona,Female,45-54,Active
507,Taylor,Lopez,Taylor Lopez,customer_507@example.com,2022-07-25,Brazil,São Paulo,Other,55+,VIP
508,Alex,Brown,Alex Brown,customer_508@example.com,2022-06-13,Colombia,Barranquilla,Female,35-44,Churn Risk
510,Jamie,Garcia,Jamie Garcia,customer_510@example.com,2023-03-28,Spain,Valencia,Male,35-44,Active
511,Jordan,Davis,Jordan Davis,customer_511@example.com,2022-05-22,Brazil,São Paulo,Male,45-54,New
512,Morgan,Martinez,Morgan Martinez,customer_512@example.com,2023-09-02,Colombia,Medellín,Male,55+,Churn Risk
513,Jamie,Miller,Jamie Miller,customer_513@example.com,2022-07-25,Brazil,Brasilia,Other,35-44,New
514,Sam,Smith,Sam Smith,customer_514@example.com,2023-04-21,Spain,Valencia,Other,55+,Churn Risk
516,Jordan,Smith,Jordan Smith,customer_516@example.com,2022-11-22,Brazil,Brasilia,Other,18-24,Churn Risk
517,Jordan,Martinez,Jordan Martinez,customer_517@example.com,2023-08-24,Mexico,CDMX,Other,18-24,VIP
518,Jamie,Garcia,Jamie Garcia,customer_518@example.com,2023-07-20,Brazil,Brasilia,Other,55+,Active
519,Taylor,Lopez,Taylor Lopez,customer_519@example.com,2022-07-12,Mexico,Monterrey,Other,25-34,New
520,Chris,Brown,Chris Brown,customer_520@example.com,2022-11-22,Colombia,Bogotá,Male,35-44,New
521,Jordan,Garcia,Jordan Garcia,customer_521@example.com,2022-12-30,USA,Los Angeles,Male,45-54,New
522,Pat,Garcia,Pat Garcia,customer_522@example.com,2022-04-12,Brazil,Brasilia,Other,55+,Churn Risk
523,Taylor,Smith,Taylor Smith,customer_523@example.com,2022-03-27,Spain,Madrid,Other,55+,New
524,Jamie,Martinez,Jamie Martinez,customer_524@example.com,2022-07-19,USA,Los Angeles,Female,25-34,VIP
525,Morgan,Garcia,Morgan Garcia,customer_525@example.com,2022-03-18,USA,Miami,Male,45-54,VIP
526,Sam,Martinez,Sam Martinez,customer_526@example.com,2022-07-26,USA,Los Angeles,Other,35-44,Active
527,Sam,Lopez,Sam Lopez,customer_527@example.com,2023-09-02,Mexico,Monterrey,Other,35-44,VIP
529,Alex,Johnson,Alex Johnson,customer_529@example.com,2022-08-08,Brazil,Rio de Janeiro,Male,35-44,VIP
531,Morgan,Miller,Morgan Miller,customer_531@example.com,2022-09-20,USA,Miami,Other,55+,VIP
532,Chris,Lopez,Chris Lopez,customer_532@example.com,2023-10-14,Colombia,Barranquilla,Other,35-44,New
534,Jordan,Miller,Jordan Miller,customer_534@example.com,2023-12-21,Spain,Barcelona,Male,55+,New
537,Pat,Smith,Pat Smith,customer_537@example.com,2022-04-26,Spain,Barcelona,Female,45-54,Churn Risk
538,Pat,Johnson,Pat Johnson,customer_538@example.com,2023-06-07,Colombia,Cali,Female,18-24,Churn Risk
540,Chris,Martinez,Chris Martinez,customer_540@example.com,2023-01-02,Spain,Valencia,Male,25-34,New
541,Alex,Martinez,Alex Martinez,customer_541@example.com,2022-11-30,Spain,Valencia,Other,45-54,New
542,Pat,Martinez,Pat Martinez,customer_542@example.com,2022-04-03,USA,Miami,Male,18-24,Churn Risk
543,Morgan,Brown,Morgan Brown,customer_543@example.com,2023-07-30,Mexico,Monterrey,Female,45-54,Active
545,Morgan,Lopez,Morgan Lopez,customer_545@example.com,2023-12-23,Colombia,Medellín,Male,18-24,Active
546,Morgan,Miller,Morgan Miller,customer_546@example.com,2023-01-16,Mexico,CDMX,Female,35-44,VIP
547,Taylor,Brown,Taylor Brown,customer_547@example.com,2022-07-07,Colombia,Bogotá,Female,45-54,New
548,Pat,Johnson,Pat Johnson,customer_548@example.com,2022-09-17,Brazil,Brasilia,Male,25-34,New
550,Jamie,Brown,Jamie Brown,customer_550@example.com,2022-10-19,Spain,Valencia,Female,45-54,Churn Risk
551,Jamie,Lopez,Jamie Lopez,customer_551@example.com,2023-01-12,USA,Los Angeles,Female,45-54,VIP
552,Morgan,Garcia,Morgan Garcia,customer_552@example.com,2022-07-06,Spain,Valencia,Other,45-54,New
554,Jamie,Lopez,Jamie Lopez,customer_554@example.com,2022-02-08,Colombia,Cali,Male,45-54,Active
556,Taylor,Martinez,Taylor Martinez,customer_556@example.com,2022-08-10,USA,Miami,Female,25-34,New
557,Morgan,Johnson,Morgan Johnson,customer_557@example.com,2023-08-22,Spain,Madrid,Female,55+,Active
558,Sam,Brown,Sam Brown,customer_558@example.com,2023-08-30,Brazil,Rio de Janeiro,Female,55+,Active
559,Alex,Johnson,Alex Johnson,customer_559@example.com,2022-08-17,Colombia,Medellín,Female,35-44,Churn Risk
560,Jordan,Martinez,Jordan Martinez,customer_560@example.com,2023-06-25,Colombia,Medellín,Male,35-44,Active
561,Chris,Martinez,Chris Martinez,customer_561@example.com,2023-05-02,Spain,Valencia,Male,45-54,Active
563,Morgan,Garcia,Morgan Garcia,customer_563@example.com,2023-12-23,Mexico,Monterrey,Female,55+,Active
564,Sam,Davis,Sam Davis,customer_564@example.com,2023-01-13,Colombia,Barranquilla,Other,45-54,Churn Risk
565,Chris,Brown,Chris Brown,customer_565@example.com,2022-01-22,Mexico,CDMX,Female,45-54,Churn Risk
566,Morgan,Smith,Morgan Smith,customer_566@example.com,2022-03-26,Mexico,CDMX,Other,35-44,VIP
567,Morgan,Smith,Morgan Smith,customer_567@example.com,2022-09-22,Brazil,Brasilia,Female,55+,Active
569,Jordan,Johnson,Jordan Johnson,customer_569@example.com,2022-02-22,Spain,Valencia,Other,25-34,Churn Risk
570,Morgan,Brown,Morgan Brown,customer_570@example.com,2022-05-03,Mexico,Monterrey,Other,35-44,Churn Risk
571,Morgan,Garcia,Morgan Garcia,customer_571@example.com,2023-06-02,Mexico,CDMX,Other,55+,New
572,Jamie,Miller,Jamie Miller,customer_572@example.com,2022-05-02,USA,Los Angeles,Other,45-54,Churn Risk
573,Jordan,Miller,Jordan Miller,customer_573@example.com,2022-01-16,Spain,Valencia,Male,35-44,VIP
574,Pat,Brown,Pat Brown,customer_574@example.com,2022-11-23,Colombia,Barranquilla,Other,25-34,New
575,Taylor,Smith,Taylor Smith,customer_575@example.com,2022-09-23,Colombia,Bogotá,Other,18-24,New
576,Alex,Martinez,Alex Martinez,customer_576@example.com,2023-10-28,Mexico,CDMX,Female,18-24,VIP
577,Sam,Lopez,Sam Lopez,customer_577@example.com,2023-03-03,Colombia,Cali,Male,25-34,Active
578,Pat,Martinez,Pat Martinez,customer_578@example.com,2023-10-20,Spain,Valencia,Other,45-54,Churn Risk
579,Sam,Miller,Sam Miller,customer_579@example.com,2022-06-04,Colombia,Barranquilla,Other,18-24,VIP
580,Taylor,Lopez,Taylor Lopez,customer_580@example.com,2022-09-06,Brazil,São Paulo,Female,35-44,Active
581,Jordan,Smith,Jordan Smith,customer_581@example.com,2022-05-28,Spain,Madrid,Female,25-34,Churn Risk
582,Chris,Davis,Chris Davis,customer_582@example.com,2023-01-05,Mexico,Guadalajara,Other,45-54,Churn Risk
585,Morgan,Smith,Morgan Smith,customer_585@example.com,2023-03-15,Spain,Barcelona,Other,35-44,Churn Risk
587,Pat,Lopez,Pat Lopez,customer_587@example.com,2023-01-09,Spain,Barcelona,Male,45-54,VIP
588,Sam,Garcia,Sam Garcia,customer_588@example.com,2023-12-27,Colombia,Bogotá,Other,35-44,Active
590,Taylor,Martinez,Taylor Martinez,customer_590@example.com,2023-11-30,Brazil,Brasilia,Male,35-44,VIP
592,Pat,Smith,Pat Smith,customer_592@example.com,2022-02-06,USA,New York,Female,35-44,Active
593,Jordan,Lopez,Jordan Lopez,customer_593@example.com,2022-12-09,USA,Miami,Female,45-54,VIP
594,Pat,Miller,Pat Miller,customer_594@example.com,2022-08-24,USA,New York,Other,55+,Active
595,Alex,Smith,Alex Smith,customer_595@example.com,2023-10-08,Spain,Madrid,Other,35-44,VIP
596,Morgan,Miller,Morgan Miller,customer_596@example.com,2022-06-07,USA,Los Angeles,Male,35-44,Active
598,Alex,Davis,Alex Davis,customer_598@example.com,2023-04-11,Colombia,Bogotá,Other,35-44,Active
599,Pat,Garcia,Pat Garcia,customer_599@example.com,2023-10-11,Mexico,Monterrey,Male,55+,New
601,Jamie,Miller,Jamie Miller,customer_601@example.com,2023-08-12,Spain,Barcelona,Male,45-54,New
602,Taylor,Smith,Taylor Smith,customer_602@example.com,2023-06-21,Spain,Madrid,Female,25-34,New
604,Jordan,Lopez,Jordan Lopez,customer_604@example.com,2022-03-16,USA,New York,Female,25-34,VIP
605,Jordan,Garcia,Jordan Garcia,customer_605@example.com,2022-08-13,USA,Los Angeles,Other,25-34,VIP
606,Jordan,Miller,Jordan Miller,customer_606@example.com,2022-02-04,Colombia,Barranquilla,Female,18-24,VIP
607,Alex,Martinez,Alex Martinez,customer_607@example.com,2022-05-06,Colombia,Bogotá,Other,25-34,New
608,Sam,Davis,Sam Davis,customer_608@example.com,2023-12-24,Mexico,CDMX,Male,35-44,New
609,Sam,Smith,Sam Smith,customer_609@example.com,2023-03-15,Colombia,Medellín,Female,25-34,New
610,Pat,Brown,Pat Brown,customer_610@example.com,2023-09-26,Spain,Madrid,Female,18-24,VIP
611,Morgan,Johnson,Morgan Johnson,customer_611@example.com,2022-01-10,USA,Los Angeles,Female,18-24,VIP
612,Alex,Davis,Alex Davis,customer_612@example.com,2022-01-15,Mexico,CDMX,Other,18-24,New
613,Taylor,Smith,Taylor Smith,customer_613@example.com,2022-09-29,Colombia,Medellín,Other,35-44,New
615,Morgan,Brown,Morgan Brown,customer_615@example.com,2022-03-20,Brazil,São Paulo,Female,25-34,New
616,Jordan,Johnson,Jordan Johnson,customer_616@example.com,2022-07-08,Spain,Barcelona,Other,18-24,VIP
617,Pat,Miller,Pat Miller,customer_617@example.com,2023-06-05,USA,Los Angeles,Female,55+,Churn Risk
620,Jordan,Johnson,Jordan Johnson,customer_620@example.com,2022-06-13,USA,New York,Male,45-54,New
622,Taylor,Davis,Taylor Davis,customer_622@example.com,2022-05-10,Mexico,CDMX,Female,45-54,Churn Risk
623,Jordan,Lopez,Jordan Lopez,customer_623@example.com,2022-06-28,Spain,Valencia,Male,18-24,Churn Risk
624,Alex,Brown,Alex Brown,customer_624@example.com,2022-05-10,Mexico,Monterrey,Male,55+,Active
625,Morgan,Lopez,Morgan Lopez,customer_625@example.com,2023-12-08,Brazil,Rio de Janeiro,Female,35-44,Active
626,Taylor,Miller,Taylor Miller,customer_626@example.com,2022-11-21,USA,Miami,Other,35-44,VIP
627,Morgan,Lopez,Morgan Lopez,customer_627@example.com,2022-05-24,USA,Miami,Male,45-54,Churn Risk
628,Morgan,Garcia,Morgan Garcia,customer_628@example.com,2022-07-02,Colombia,Barranquilla,Female,18-24,Churn Risk
629,Pat,Garcia,Pat Garcia,customer_629@example.com,2022-11-01,Brazil,Brasilia,Male,35-44,VIP
630,Chris,Smith,Chris Smith,customer_630@example.com,2023-12-04,Mexico,Monterrey,Male,55+,Churn Risk
631,Chris,Martinez,Chris Martinez,customer_631@example.com,2023-06-02,USA,Miami,Female,55+,Active
632,Alex,Lopez,Alex Lopez,customer_632@example.com,2022-06-01,Colombia,Cali,Other,25-34,Churn Risk
633,Chris,Martinez,Chris Martinez,customer_633@example.com,2022-03-16,USA,Miami,Female,55+,Active
634,Jamie,Brown,Jamie Brown,customer_634@example.com,2023-07-20,USA,Miami,Other,35-44,VIP
635,Sam,Davis,Sam Davis,customer_635@example.com,2023-09-13,USA,Miami,Male,55+,Churn Risk
636,Sam,Garcia,Sam Garcia,customer_636@example.com,2022-08-25,Brazil,Brasilia,Other,35-44,New
637,Morgan,Martinez,Morgan Martinez,customer_637@example.com,2022-03-28,USA,Miami,Male,35-44,Churn Risk
638,Alex,Johnson,Alex Johnson,customer_638@example.com,2023-07-29,Mexico,CDMX,Male,18-24,Churn Risk
639,Jamie,Brown,Jamie Brown,customer_639@example.com,2023-07-14,Colombia,Cali,Other,45-54,Churn Risk
640,Morgan,Miller,Morgan Miller,customer_640@example.com,2022-09-10,USA,Miami,Male,18-24,VIP
641,Chris,Johnson,Chris Johnson,customer_641@example.com,2023-05-17,Brazil,Brasilia,Female,25-34,Churn Risk
642,Chris,Martinez,Chris Martinez,customer_642@example.com,2022-09-04,USA,Los Angeles,Other,35-44,Active
643,Chris,Miller,Chris Miller,customer_643@example.com,2023-05-03,Spain,Madrid,Male,45-54,New
644,Chris,Lopez,Chris Lopez,customer_644@example.com,2022-03-20,Spain,Madrid,Female,18-24,New
645,Pat,Davis,Pat Davis,customer_645@example.com,2023-04-22,Mexico,Guadalajara,Other,55+,New
646,Chris,Smith,Chris Smith,customer_646@example.com,2022-12-23,USA,Miami,Female,18-24,VIP
648,Jordan,Brown,Jordan Brown,customer_648@example.com,2022-01-22,Spain,Madrid,Other,55+,VIP
649,Jamie,Smith,Jamie Smith,customer_649@example.com,2022-09-30,Mexico,Guadalajara,Female,25-34,VIP
650,Chris,Lopez,Chris Lopez,customer_650@example.com,2023-01-25,Spain,Valencia,Male,18-24,New
652,Alex,Brown,Alex Brown,customer_652@example.com,2023-05-03,Spain,Valencia,Male,55+,Active
653,Alex,Garcia,Alex Garcia,customer_653@example.com,2023-09-04,Colombia,Medellín,Female,25-34,Churn Risk
654,Sam,Lopez,Sam Lopez,customer_654@example.com,2023-09-01,Spain,Barcelona,Female,18-24,Churn Risk
655,Jamie,Martinez,Jamie Martinez,customer_655@example.com,2022-09-17,Colombia,Bogotá,Male,25-34,Churn Risk
656,Jamie,Smith,Jamie Smith,customer_656@example.com,2022-10-11,USA,Los Angeles,Female,18-24,Churn Risk
657,Pat,Miller,Pat Miller,customer_657@example.com,2023-08-22,Brazil,Rio de Janeiro,Female,25-34,VIP
658,Jamie,Johnson,Jamie Johnson,customer_658@example.com,2023-11-25,Colombia,Bogotá,Male,18-24,New
659,Jordan,Johnson,Jordan Johnson,customer_659@example.com,2022-03-20,USA,Los Angeles,Female,35-44,Active
660,Chris,Martinez,Chris Martinez,customer_660@example.com,2022-03-12,Mexico,Guadalajara,Female,25-34,Churn Risk
661,Taylor,Lopez,Taylor Lopez,customer_661@example.com,2022-02-21,Mexico,CDMX,Female,35-44,New
662,Pat,Smith,Pat Smith,customer_662@example.com,2023-03-07,Spain,Barcelona,Female,35-44,VIP
663,Jamie,Martinez,Jamie Martinez,customer_663@example.com,2023-02-15,USA,Miami,Female,18-24,Active
664,Jamie,Miller,Jamie Miller,customer_664@example.com,2023-03-07,Colombia,Bogotá,Other,35-44,Active
665,Taylor,Garcia,Taylor Garcia,customer_665@example.com,2023-07-28,Colombia,Cali,Female,55+,Active
666,Jordan,Garcia,Jordan Garcia,customer_666@example.com,2023-03-01,USA,Miami,Female,25-34,New
667,Chris,Smith,Chris Smith,customer_667@example.com,2022-10-21,Mexico,Monterrey,Female,18-24,Churn Risk
668,Sam,Smith,Sam Smith,customer_668@example.com,2023-04-27,USA,Los Angeles,Other,25-34,New
669,Jordan,Brown,Jordan Brown,customer_669@example.com,2023-12-11,Colombia,Barranquilla,Male,18-24,Churn Risk
670,Jordan,Brown,Jordan Brown,customer_670@example.com,2023-06-12,Colombia,Cali,Other,55+,Active
672,Taylor,Johnson,Taylor Johnson,customer_672@example.com,2023-12-05,Mexico,CDMX,Other,18-24,New
673,Morgan,Martinez,Morgan Martinez,customer_673@example.com,2023-11-24,USA,Los Angeles,Other,45-54,Churn Risk
674,Jordan,Martinez,Jordan Martinez,customer_674@example.com,2022-07-25,Mexico,Guadalajara,Female,35-44,Active
675,Jordan,Smith,Jordan Smith,customer_675@example.com,2023-04-30,Mexico,Guadalajara,Female,18-24,VIP
676,Morgan,Brown,Morgan Brown,customer_676@example.com,2022-02-27,Colombia,Medellín,Female,35-44,Active
677,Morgan,Davis,Morgan Davis,customer_677@example.com,2023-02-14,Spain,Madrid,Male,45-54,Churn Risk
678,Morgan,Martinez,Morgan Martinez,customer_678@example.com,2023-09-13,Mexico,CDMX,Other,35-44,New
681,Chris,Davis,Chris Davis,customer_681@example.com,2023-09-01,Spain,Madrid,Other,55+,Active
682,Sam,Davis,Sam Davis,customer_682@example.com,2023-02-17,USA,Los Angeles,Female,18-24,New
683,Morgan,Garcia,Morgan Garcia,customer_683@example.com,2022-11-10,Colombia,Cali,Other,25-34,Churn Risk
684,Jordan,Lopez,Jordan Lopez,customer_684@example.com,2022-06-29,Colombia,Bogotá,Female,25-34,Churn Risk
685,Pat,Martinez,Pat Martinez,customer_685@example.com,2022-05-06,Mexico,Guadalajara,Male,18-24,Active
686,Morgan,Johnson,Morgan Johnson,customer_686@example.com,2023-12-17,USA,Los Angeles,Male,35-44,VIP
688,Pat,Garcia,Pat Garcia,customer_688@example.com,2023-05-13,Colombia,Barranquilla,Female,25-34,Churn Risk
689,Morgan,Brown,Morgan Brown,customer_689@example.com,2022-09-28,Brazil,Rio de Janeiro,Male,45-54,Active
690,Sam,Johnson,Sam Johnson,customer_690@example.com,2023-06-21,Mexico,CDMX,Male,35-44,New
691,Jamie,Miller,Jamie Miller,customer_691@example.com,2023-01-01,Colombia,Bogotá,Male,18-24,VIP
692,Chris,Miller,Chris Miller,customer_692@example.com,2022-11-14,Spain,Madrid,Male,45-54,New
693,Chris,Miller,Chris Miller,customer_693@example.com,2022-04-04,Colombia,Bogotá,Female,35-44,New
695,Morgan,Brown,Morgan Brown,customer_695@example.com,2022-06-01,Spain,Barcelona,Female,55+,New
696,Jamie,Martinez,Jamie Martinez,customer_696@example.com,2022-04-11,Mexico,Guadalajara,Male,25-34,New
697,Alex,Brown,Alex Brown,customer_697@example.com,2022-05-12,Colombia,Medellín,Female,35-44,VIP
698,Jordan,Davis,Jordan Davis,customer_698@example.com,2022-06-04,USA,New York,Other,45-54,New
699,Taylor,Johnson,Taylor Johnson,customer_699@example.com,2023-12-30,USA,Miami,Female,25-34,Active
700,Chris,Miller,Chris Miller,customer_700@example.com,2023-11-24,Brazil,São Paulo,Other,25-34,New
701,Alex,Martinez,Alex Martinez,customer_701@example.com,2023-08-11,Mexico,Monterrey,Male,35-44,Churn Risk
702,Chris,Garcia,Chris Garcia,customer_702@example.com,2023-12-13,Colombia,Cali,Male,45-54,VIP
704,Pat,Smith,Pat Smith,customer_704@example.com,2023-07-15,Spain,Barcelona,Male,25-34,Active
705,Morgan,Martinez,Morgan Martinez,customer_705@example.com,2022-05-14,Mexico,CDMX,Other,18-24,Active
706,Chris,Lopez,Chris Lopez,customer_706@example.com,2022-07-18,USA,Miami,Male,25-34,New
707,Sam,Martinez,Sam Martinez,customer_707@example.com,2022-03-09,Spain,Valencia,Male,25-34,Churn Risk
709,Taylor,Lopez,Taylor Lopez,customer_709@example.com,2023-07-15,Mexico,Guadalajara,Female,45-54,New
710,Jamie,Lopez,Jamie Lopez,customer_710@example.com,2023-09-02,Spain,Barcelona,Female,55+,VIP
711,Chris,Smith,Chris Smith,customer_711@example.com,2022-03-28,Brazil,Rio de Janeiro,Other,55+,Churn Risk
712,Jamie,Martinez,Jamie Martinez,customer_712@example.com,2022-05-10,Colombia,Medellín,Other,35-44,Churn Risk
713,Jamie,Martinez,Jamie Martinez,customer_713@example.com,2022-03-19,Brazil,Rio de Janeiro,Other,25-34,VIP
714,Pat,Brown,Pat Brown,customer_714@example.com,2022-07-11,Spain,Barcelona,Female,25-34,VIP
715,Pat,Lopez,Pat Lopez,customer_715@example.com,2023-01-08,Brazil,Brasilia,Other,35-44,Active
717,Jordan,Garcia,Jordan Garcia,customer_717@example.com,2022-12-23,Brazil,Brasilia,Other,35-44,New
718,Jamie,Garcia,Jamie Garcia,customer_718@example.com,2023-01-13,USA,Los Angeles,Male,55+,New
719,Sam,Brown,Sam Brown,customer_719@example.com,2023-06-13,Colombia,Cali,Female,55+,VIP
720,Sam,Lopez,Sam Lopez,customer_720@example.com,2023-09-10,Spain,Madrid,Male,35-44,Churn Risk
721,Taylor,Davis,Taylor Davis,customer_721@example.com,2022-08-26,Mexico,Guadalajara,Female,18-24,Active
722,Alex,Garcia,Alex Garcia,customer_722@example.com,2023-05-31,Mexico,CDMX,Female,55+,Active
723,Pat,Smith,Pat Smith,customer_723@example.com,2022-05-12,Mexico,CDMX,Female,55+,Churn Risk
724,Chris,Johnson,Chris Johnson,customer_724@example.com,2023-01-27,Mexico,CDMX,Male,35-44,Churn Risk
725,Taylor,Smith,Taylor Smith,customer_725@example.com,2022-01-02,Colombia,Cali,Female,35-44,VIP
726,Jordan,Martinez,Jordan Martinez,customer_726@example.com,2022-04-22,Spain,Barcelona,Male,25-34,VIP
727,Jamie,Lopez,Jamie Lopez,customer_727@example.com,2023-10-23,Spain,Barcelona,Female,45-54,VIP
728,Chris,Lopez,Chris Lopez,customer_728@example.com,2022-10-21,Colombia,Bogotá,Female,55+,VIP
729,Morgan,Lopez,Morgan Lopez,customer_729@example.com,2023-01-13,Brazil,Rio de Janeiro,Female,18-24,Churn Risk
730,Jamie,Garcia,Jamie Garcia,customer_730@example.com,2022-09-23,Mexico,Guadalajara,Male,55+,New
731,Chris,Miller,Chris Miller,customer_731@example.com,2022-12-18,Colombia,Cali,Female,35-44,Active
732,Chris,Miller,Chris Miller,customer_732@example.com,2022-01-25,Colombia,Barranquilla,Other,25-34,New
733,Morgan,Brown,Morgan Brown,customer_733@example.com,2023-07-30,Brazil,Rio de Janeiro,Other,18-24,New
734,Morgan,Smith,Morgan Smith,customer_734@example.com,2022-08-17,Mexico,Guadalajara,Female,45-54,Churn Risk
735,Jordan,Lopez,Jordan Lopez,customer_735@example.com,2023-02-06,USA,Miami,Female,55+,Active
736,Chris,Davis,Chris Davis,customer_736@example.com,2023-03-12,Brazil,São Paulo,Male,35-44,Active
738,Taylor,Smith,Taylor Smith,customer_738@example.com,2023-06-09,Mexico,Guadalajara,Male,45-54,Active
739,Jordan,Lopez,Jordan Lopez,customer_739@example.com,2022-10-02,USA,Miami,Female,35-44,Active
740,Jamie,Johnson,Jamie Johnson,customer_740@example.com,2023-06-14,Colombia,Barranquilla,Male,55+,Active
741,Jordan,Garcia,Jordan Garcia,customer_741@example.com,2022-03-31,Spain,Valencia,Other,25-34,Active
743,Sam,Martinez,Sam Martinez,customer_743@example.com,2023-10-30,Brazil,Rio de Janeiro,Female,55+,New
744,Morgan,Brown,Morgan Brown,customer_744@example.com,2022-10-09,Brazil,Rio de Janeiro,Female,45-54,VIP
745,Jamie,Davis,Jamie Davis,customer_745@example.com,2023-02-01,Brazil,São Paulo,Male,35-44,Active
746,Alex,Brown,Alex Brown,customer_746@example.com,2023-01-01,Brazil,São Paulo,Female,25-34,VIP
747,Morgan,Davis,Morgan Davis,customer_747@example.com,2023-12-11,Brazil,Brasilia,Male,45-54,Churn Risk
748,Jordan,Brown,Jordan Brown,customer_748@example.com,2023-10-25,Brazil,Rio de Janeiro,Male,55+,VIP
749,Alex,Garcia,Alex Garcia,customer_749@example.com,2023-05-02,Spain,Madrid,Male,35-44,VIP
750,Taylor,Miller,Taylor Miller,customer_750@example.com,2022-12-02,Spain,Valencia,Other,55+,Active
751,Taylor,Johnson,Taylor Johnson,customer_751@example.com,2022-12-23,Colombia,Barranquilla,Male,45-54,New
752,Pat,Martinez,Pat Martinez,customer_752@example.com,2023-11-25,Brazil,São Paulo,Other,55+,Active
754,Morgan,Johnson,Morgan Johnson,customer_754@example.com,2022-12-31,Mexico,CDMX,Female,35-44,Active
755,Alex,Davis,Alex Davis,customer_755@example.com,2023-07-22,Brazil,São Paulo,Male,55+,VIP
758,Sam,Smith,Sam Smith,customer_758@example.com,2023-10-17,USA,Miami,Female,55+,New
759,Sam,Johnson,Sam Johnson,customer_759@example.com,2023-01-31,USA,Miami,Female,45-54,Churn Risk
761,Morgan,Martinez,Morgan Martinez,customer_761@example.com,2023-09-02,Mexico,CDMX,Male,35-44,New
762,Chris,Garcia,Chris Garcia,customer_762@example.com,2023-05-25,Spain,Madrid,Other,18-24,Churn Risk
763,Pat,Martinez,Pat Martinez,customer_763@example.com,2023-03-01,Mexico,CDMX,Other,55+,Active
764,Jamie,Martinez,Jamie Martinez,customer_764@example.com,2023-09-20,Brazil,Rio de Janeiro,Male,25-34,Active
767,Jamie,Johnson,Jamie Johnson,customer_767@example.com,2023-01-03,Colombia,Cali,Other,35-44,VIP
769,Chris,Lopez,Chris Lopez,customer_769@example.com,2022-03-31,USA,Miami,Male,45-54,New
771,Taylor,Davis,Taylor Davis,customer_771@example.com,2022-08-03,USA,New York,Female,18-24,VIP
772,Chris,Davis,Chris Davis,customer_772@example.com,2023-12-29,USA,Los Angeles,Male,45-54,Active
773,Jordan,Davis,Jordan Davis,customer_773@example.com,2023-06-23,Colombia,Cali,Female,45-54,Active
774,Pat,Smith,Pat Smith,customer_774@example.com,2022-04-24,Brazil,Brasilia,Male,25-34,Churn Risk
775,Taylor,Davis,Taylor Davis,customer_775@example.com,2023-04-14,Brazil,São Paulo,Other,45-54,Churn Risk
776,Pat,Brown,Pat Brown,customer_776@example.com,2022-03-25,Mexico,Monterrey,Other,45-54,VIP
777,Morgan,Smith,Morgan Smith,customer_777@example.com,2022-02-06,Spain,Madrid,Male,35-44,Active
778,Pat,Lopez,Pat Lopez,customer_778@example.com,2023-02-24,Spain,Barcelona,Other,55+,VIP
779,Jordan,Martinez,Jordan Martinez,customer_779@example.com,2023-05-22,Colombia,Barranquilla,Female,25-34,New
780,Alex,Brown,Alex Brown,customer_780@example.com,2022-08-19,Mexico,Guadalajara,Male,25-34,Active
781,Sam,Martinez,Sam Martinez,customer_781@example.com,2022-05-08,Mexico,Guadalajara,Other,55+,VIP
782,Alex,Davis,Alex Davis,customer_782@example.com,2022-03-19,Colombia,Barranquilla,Male,55+,New
783,Jordan,Johnson,Jordan Johnson,customer_783@example.com,2023-11-28,Colombia,Bogotá,Female,45-54,New
784,Sam,Martinez,Sam Martinez,customer_784@example.com,2022-11-02,USA,Los Angeles,Male,55+,Active
785,Jordan,Garcia,Jordan Garcia,customer_785@example.com,2023-01-13,Colombia,Medellín,Female,18-24,New
787,Jordan,Martinez,Jordan Martinez,customer_787@example.com,2022-05-07,Mexico,Monterrey,Female,45-54,VIP
789,Jordan,Miller,Jordan Miller,customer_789@example.com,2023-06-14,Colombia,Barranquilla,Other,18-24,New
790,Alex,Brown,Alex Brown,customer_790@example.com,2023-01-22,USA,New York,Female,55+,Churn Risk
791,Sam,Smith,Sam Smith,customer_791@example.com,2023-10-01,Colombia,Barranquilla,Male,55+,Churn Risk
792,Chris,Brown,Chris Brown,customer_792@example.com,2022-07-03,Brazil,São Paulo,Other,35-44,New
793,Morgan,Smith,Morgan Smith,customer_793@example.com,2023-05-24,Spain,Madrid,Female,35-44,Churn Risk
794,Sam,Martinez,Sam Martinez,customer_794@example.com,2022-11-25,Mexico,Guadalajara,Male,35-44,Churn Risk
795,Pat,Martinez,Pat Martinez,customer_795@example.com,2022-01-19,Mexico,Monterrey,Male,55+,Churn Risk
796,Pat,Garcia,Pat Garcia,customer_796@example.com,2022-03-22,Mexico,CDMX,Other,45-54,VIP
797,Alex,Brown,Alex Brown,customer_797@example.com,2023-11-01,Spain,Barcelona,Male,18-24,VIP
798,Jordan,Johnson,Jordan Johnson,customer_798@example.com,2022-02-26,USA,Miami,Other,45-54,Active
799,Jamie,Garcia,Jamie Garcia,customer_799@example.com,2023-09-03,Colombia,Medellín,Other,18-24,New
800,Morgan,Martinez,Morgan Martinez,customer_800@example.com,2023-12-01,Brazil,São Paulo,Male,35-44,Active
801,Jordan,Martinez,Jordan Martinez,customer_801@example.com,2023-10-22,USA,Los Angeles,Male,55+,New
802,Chris,Davis,Chris Davis,customer_802@example.com,2023-01-14,Spain,Madrid,Other,45-54,Active
803,Jamie,Garcia,Jamie Garcia,customer_803@example.com,2023-06-14,Mexico,Guadalajara,Other,18-24,New
804,Morgan,Lopez,Morgan Lopez,customer_804@example.com,2022-06-11,Mexico,Guadalajara,Other,45-54,Active
805,Sam,Davis,Sam Davis,customer_805@example.com,2023-01-28,Brazil,Rio de Janeiro,Other,18-24,Active
806,Chris,Brown,Chris Brown,customer_806@example.com,2023-02-02,USA,Los Angeles,Female,45-54,Churn Risk
807,Taylor,Martinez,Taylor Martinez,customer_807@example.com,2022-07-13,Brazil,São Paulo,Other,45-54,New
811,Jamie,Smith,Jamie Smith,customer_811@example.com,2022-01-01,Brazil,Brasilia,Other,18-24,Churn Risk
812,Jordan,Martinez,Jordan Martinez,customer_812@example.com,2022-06-27,Brazil,Rio de Janeiro,Female,45-54,VIP
813,Chris,Davis,Chris Davis,customer_813@example.com,2022-04-18,Mexico,Guadalajara,Female,18-24,VIP
814,Sam,Martinez,Sam Martinez,customer_814@example.com,2023-05-18,Colombia,Cali,Other,25-34,Active
815,Jordan,Johnson,Jordan Johnson,customer_815@example.com,2022-06-28,Mexico,Guadalajara,Female,25-34,VIP
816,Chris,Miller,Chris Miller,customer_816@example.com,2023-05-30,Mexico,CDMX,Female,25-34,Churn Risk
817,Taylor,Brown,Taylor Brown,customer_817@example.com,2023-11-19,USA,New York,Male,55+,VIP
818,Morgan,Miller,Morgan Miller,customer_818@example.com,2023-06-13,Mexico,Guadalajara,Female,35-44,New
819,Sam,Brown,Sam Brown,customer_819@example.com,2023-12-24,Mexico,CDMX,Male,45-54,VIP
820,Sam,Martinez,Sam Martinez,customer_820@example.com,2022-06-17,USA,Los Angeles,Female,35-44,Churn Risk
821,Jamie,Brown,Jamie Brown,customer_821@example.com,2022-11-20,Brazil,São Paulo,Female,55+,Churn Risk
822,Jamie,Smith,Jamie Smith,customer_822@example.com,2022-12-21,Colombia,Barranquilla,Male,18-24,Active
823,Taylor,Johnson,Taylor Johnson,customer_823@example.com,2022-12-14,Colombia,Bogotá,Other,35-44,Active
824,Sam,Garcia,Sam Garcia,customer_824@example.com,2023-03-20,USA,Los Angeles,Female,45-54,VIP
825,Morgan,Brown,Morgan Brown,customer_825@example.com,2023-11-24,Spain,Valencia,Male,45-54,New
826,Alex,Miller,Alex Miller,customer_826@example.com,2022-12-02,Mexico,CDMX,Male,35-44,Churn Risk
827,Sam,Lopez,Sam Lopez,customer_827@example.com,2022-04-27,Spain,Barcelona,Female,25-34,VIP
828,Jamie,Davis,Jamie Davis,customer_828@example.com,2023-08-10,Mexico,Monterrey,Male,55+,Active
829,Jamie,Martinez,Jamie Martinez,customer_829@example.com,2023-03-17,Colombia,Cali,Female,25-34,VIP
830,Morgan,Davis,Morgan Davis,customer_830@example.com,2023-10-19,Colombia,Barranquilla,Male,35-44,Active
831,Sam,Lopez,Sam Lopez,customer_831@example.com,2022-03-11,Spain,Valencia,Female,25-34,VIP
832,Morgan,Martinez,Morgan Martinez,customer_832@example.com,2023-01-04,Brazil,São Paulo,Male,55+,New
833,Pat,Johnson,Pat Johnson,customer_833@example.com,2022-08-27,Brazil,São Paulo,Male,25-34,Active
834,Pat,Garcia,Pat Garcia,customer_834@example.com,2023-04-24,Spain,Madrid,Female,25-34,Churn Risk
835,Morgan,Smith,Morgan Smith,customer_835@example.com,2022-01-16,Brazil,Rio de Janeiro,Female,35-44,Active
836,Pat,Brown,Pat Brown,customer_836@example.com,2023-11-12,Brazil,Rio de Janeiro,Other,55+,Churn Risk
837,Morgan,Brown,Morgan Brown,customer_837@example.com,2023-10-22,Brazil,São Paulo,Male,35-44,Active
838,Sam,Johnson,Sam Johnson,customer_838@example.com,2022-05-08,Mexico,CDMX,Other,25-34,Churn Risk
839,Pat,Brown,Pat Brown,customer_839@example.com,2023-04-16,Spain,Valencia,Female,55+,Churn Risk
840,Sam,Smith,Sam Smith,customer_840@example.com,2023-07-30,Mexico,Monterrey,Male,55+,Active
842,Taylor,Lopez,Taylor Lopez,customer_842@example.com,2022-01-03,USA,Los Angeles,Male,45-54,Churn Risk
843,Chris,Garcia,Chris Garcia,customer_843@example.com,2023-02-15,Colombia,Medellín,Male,55+,Churn Risk
844,Taylor,Garcia,Taylor Garcia,customer_844@example.com,2022-04-21,Mexico,Monterrey,Female,35-44,New
845,Morgan,Martinez,Morgan Martinez,customer_845@example.com,2023-09-07,USA,Los Angeles,Male,18-24,Churn Risk
847,Morgan,Garcia,Morgan Garcia,customer_847@example.com,2022-07-29,Brazil,Brasilia,Female,45-54,New
848,Alex,Johnson,Alex Johnson,customer_848@example.com,2022-07-07,Mexico,CDMX,Female,55+,Churn Risk
849,Taylor,Martinez,Taylor Martinez,customer_849@example.com,2023-05-17,Mexico,Guadalajara,Male,18-24,Churn Risk
850,Chris,Brown,Chris Brown,customer_850@example.com,2022-08-06,Colombia,Cali,Male,55+,New
851,Morgan,Martinez,Morgan Martinez,customer_851@example.com,2022-01-26,Mexico,Guadalajara,Male,35-44,VIP
852,Jordan,Garcia,Jordan Garcia,customer_852@example.com,2022-02-16,Colombia,Barranquilla,Other,55+,VIP
853,Chris,Lopez,Chris Lopez,customer_853@example.com,2022-06-04,USA,New York,Female,25-34,Active
854,Pat,Smith,Pat Smith,customer_854@example.com,2023-04-01,USA,Miami,Male,55+,Churn Risk
855,Pat,Davis,Pat Davis,customer_855@example.com,2023-03-24,Spain,Valencia,Female,25-34,New
856,Morgan,Lopez,Morgan Lopez,customer_856@example.com,2023-10-28,Spain,Madrid,Female,55+,Active
857,Pat,Brown,Pat Brown,customer_857@example.com,2022-12-08,Brazil,São Paulo,Other,18-24,VIP
858,Taylor,Miller,Taylor Miller,customer_858@example.com,2023-11-09,Spain,Barcelona,Other,55+,New
859,Alex,Davis,Alex Davis,customer_859@example.com,2023-08-26,Colombia,Bogotá,Male,25-34,New
861,Sam,Martinez,Sam Martinez,customer_861@example.com,2022-08-08,USA,New York,Other,55+,New
863,Chris,Martinez,Chris Martinez,customer_863@example.com,2022-10-10,Mexico,Monterrey,Female,25-34,New
864,Sam,Smith,Sam Smith,customer_864@example.com,2023-08-22,Colombia,Bogotá,Female,25-34,VIP
865,Jordan,Garcia,Jordan Garcia,customer_865@example.com,2022-01-06,Colombia,Medellín,Male,25-34,Active
866,Chris,Johnson,Chris Johnson,customer_866@example.com,2022-03-23,Spain,Barcelona,Other,25-34,VIP
867,Jamie,Miller,Jamie Miller,customer_867@example.com,2022-07-31,Spain,Valencia,Male,18-24,New
868,Jordan,Martinez,Jordan Martinez,customer_868@example.com,2023-04-23,USA,New York,Male,35-44,Active
869,Jamie,Martinez,Jamie Martinez,customer_869@example.com,2023-03-25,USA,Miami,Other,25-34,Churn Risk
870,Alex,Garcia,Alex Garcia,customer_870@example.com,2022-07-26,Brazil,Brasilia,Other,18-24,Active
871,Morgan,Johnson,Morgan Johnson,customer_871@example.com,2022-04-25,USA,New York,Other,55+,Churn Risk
872,Sam,Johnson,Sam Johnson,customer_872@example.com,2023-04-27,Spain,Barcelona,Other,18-24,Active
873,Morgan,Garcia,Morgan Garcia,customer_873@example.com,2022-02-08,Mexico,Monterrey,Other,45-54,Churn Risk
874,Alex,Brown,Alex Brown,customer_874@example.com,2022-06-25,Colombia,Medellín,Other,25-34,New
876,Jordan,Martinez,Jordan Martinez,customer_876@example.com,2022-01-28,Brazil,Rio de Janeiro,Male,18-24,VIP
877,Pat,Martinez,Pat Martinez,customer_877@example.com,2023-03-15,USA,Miami,Male,25-34,Churn Risk
878,Jamie,Garcia,Jamie Garcia,customer_878@example.com,2023-06-18,Colombia,Bogotá,Other,55+,VIP
879,Taylor,Martinez,Taylor Martinez,customer_879@example.com,2022-03-09,Spain,Madrid,Male,25-34,Active
880,Pat,Johnson,Pat Johnson,customer_880@example.com,2022-01-21,Colombia,Medellín,Other,55+,Active
881,Alex,Miller,Alex Miller,customer_881@example.com,2022-07-07,Mexico,CDMX,Other,35-44,New
882,Chris,Martinez,Chris Martinez,customer_882@example.com,2022-06-25,Colombia,Bogotá,Female,35-44,New
883,Morgan,Johnson,Morgan Johnson,customer_883@example.com,2023-05-10,USA,Miami,Other,45-54,Active
884,Sam,Garcia,Sam Garcia,customer_884@example.com,2022-08-17,USA,New York,Female,45-54,VIP
885,Pat,Davis,Pat Davis,customer_885@example.com,2022-01-12,Spain,Valencia,Other,55+,New
886,Jamie,Johnson,Jamie Johnson,customer_886@example.com,2022-06-20,Mexico,Guadalajara,Male,55+,New
888,Alex,Smith,Alex Smith,customer_888@example.com,2022-04-10,Mexico,CDMX,Female,18-24,Active
889,Jordan,Johnson,Jordan Johnson,customer_889@example.com,2023-04-07,Colombia,Bogotá,Male,25-34,New
891,Chris,Smith,Chris Smith,customer_891@example.com,2022-06-21,Spain,Barcelona,Other,35-44,Active
892,Chris,Lopez,Chris Lopez,customer_892@example.com,2022-11-16,USA,Los Angeles,Female,55+,Active
894,Morgan,Martinez,Morgan Martinez,customer_894@example.com,2023-07-24,Mexico,Guadalajara,Male,18-24,Active
895,Pat,Smith,Pat Smith,customer_895@example.com,2022-04-02,Spain,Valencia,Male,45-54,Active
896,Pat,Brown,Pat Brown,customer_896@example.com,2023-07-11,Brazil,São Paulo,Male,25-34,VIP
897,Sam,Lopez,Sam Lopez,customer_897@example.com,2022-04-24,Colombia,Medellín,Male,35-44,Active
898,Pat,Smith,Pat Smith,customer_898@example.com,2023-01-21,Colombia,Bogotá,Female,35-44,Active
899,Sam,Brown,Sam Brown,customer_899@example.com,2022-10-27,Brazil,São Paulo,Other,18-24,Active
900,Alex,Martinez,Alex Martinez,customer_900@example.com,2023-07-30,Spain,Barcelona,Other,45-54,Churn Risk
902,Jordan,Lopez,Jordan Lopez,customer_902@example.com,2023-08-04,Mexico,Guadalajara,Female,25-34,VIP
903,Morgan,Smith,Morgan Smith,customer_903@example.com,2022-06-11,Mexico,Monterrey,Male,35-44,New
905,Alex,Lopez,Alex Lopez,customer_905@example.com,2023-02-12,USA,Miami,Male,35-44,VIP
906,Chris,Martinez,Chris Martinez,customer_906@example.com,2023-04-29,Mexico,CDMX,Female,35-44,Churn Risk
907,Chris,Brown,Chris Brown,customer_907@example.com,2022-04-10,Mexico,Guadalajara,Female,45-54,Active
908,Pat,Johnson,Pat Johnson,customer_908@example.com,2023-05-06,Spain,Valencia,Other,55+,VIP
909,Morgan,Smith,Morgan Smith,customer_909@example.com,2022-04-25,Mexico,CDMX,Male,35-44,New
910,Jamie,Miller,Jamie Miller,customer_910@example.com,2022-07-30,USA,Los Angeles,Other,35-44,VIP
911,Pat,Garcia,Pat Garcia,customer_911@example.com,2023-11-13,Mexico,Monterrey,Male,45-54,New
912,Jordan,Garcia,Jordan Garcia,customer_912@example.com,2023-09-01,Colombia,Cali,Other,25-34,VIP
913,Chris,Martinez,Chris Martinez,customer_913@example.com,2023-11-20,Brazil,São Paulo,Female,55+,Active
914,Sam,Davis,Sam Davis,customer_914@example.com,2022-01-18,Spain,Madrid,Female,55+,Active
915,Morgan,Smith,Morgan Smith,customer_915@example.com,2023-10-28,Mexico,CDMX,Male,18-24,Active
916,Pat,Lopez,Pat Lopez,customer_916@example.com,2022-02-19,Mexico,CDMX,Female,25-34,VIP
918,Alex,Miller,Alex Miller,customer_918@example.com,2023-03-22,Mexico,Monterrey,Male,25-34,Active
919,Taylor,Garcia,Taylor Garcia,customer_919@example.com,2022-10-05,Mexico,Monterrey,Other,25-34,New
920,Alex,Johnson,Alex Johnson,customer_920@example.com,2023-05-16,Spain,Madrid,Other,35-44,New
921,Alex,Brown,Alex Brown,customer_921@example.com,2022-08-14,Brazil,Rio de Janeiro,Other,25-34,Active
922,Sam,Davis,Sam Davis,customer_922@example.com,2023-09-24,USA,Miami,Other,18-24,Churn Risk
923,Morgan,Smith,Morgan Smith,customer_923@example.com,2023-01-07,USA,Miami,Male,35-44,Churn Risk
925,Taylor,Brown,Taylor Brown,customer_925@example.com,2022-05-09,Colombia,Medellín,Other,45-54,Churn Risk
926,Taylor,Brown,Taylor Brown,customer_926@example.com,2022-10-24,Spain,Barcelona,Female,55+,New
928,Taylor,Garcia,Taylor Garcia,customer_928@example.com,2023-05-18,USA,Miami,Female,55+,Churn Risk
929,Chris,Smith,Chris Smith,customer_929@example.com,2022-10-26,Brazil,Brasilia,Female,18-24,VIP
930,Jamie,Davis,Jamie Davis,customer_930@example.com,2022-06-15,USA,Miami,Other,35-44,VIP
932,Sam,Johnson,Sam Johnson,customer_932@example.com,2022-11-30,Mexico,CDMX,Male,18-24,New
934,Chris,Johnson,Chris Johnson,customer_934@example.com,2023-01-28,USA,Miami,Female,55+,New
935,Sam,Johnson,Sam Johnson,customer_935@example.com,2023-01-14,Colombia,Bogotá,Female,45-54,VIP
936,Alex,Davis,Alex Davis,customer_936@example.com,2023-01-14,Brazil,São Paulo,Female,45-54,Churn Risk
937,Taylor,Johnson,Taylor Johnson,customer_937@example.com,2022-09-05,Brazil,Brasilia,Female,55+,New
939,Jordan,Garcia,Jordan Garcia,customer_939@example.com,2022-12-13,Spain,Valencia,Male,25-34,VIP
940,Pat,Lopez,Pat Lopez,customer_940@example.com,2023-11-08,Colombia,Cali,Other,45-54,VIP
943,Alex,Johnson,Alex Johnson,customer_943@example.com,2023-09-09,USA,Los Angeles,Other,35-44,Active
944,Chris,Brown,Chris Brown,customer_944@example.com,2023-11-23,Spain,Madrid,Male,55+,New
945,Jordan,Lopez,Jordan Lopez,customer_945@example.com,2023-10-22,Brazil,Brasilia,Female,18-24,Active
946,Chris,Lopez,Chris Lopez,customer_946@example.com,2023-11-12,Colombia,Barranquilla,Male,35-44,New
947,Jordan,Brown,Jordan Brown,customer_947@example.com,2023-07-14,Colombia,Cali,Male,18-24,Churn Risk
948,Jordan,Johnson,Jordan Johnson,customer_948@example.com,2022-07-24,USA,Miami,Male,35-44,VIP
949,Jordan,Miller,Jordan Miller,customer_949@example.com,2022-04-14,Spain,Valencia,Female,18-24,VIP
950,Taylor,Martinez,Taylor Martinez,customer_950@example.com,2023-12-18,Mexico,Guadalajara,Male,25-34,Churn Risk
951,Jamie,Miller,Jamie Miller,customer_951@example.com,2023-12-29,Colombia,Medellín,Other,45-54,New
952,Jamie,Johnson,Jamie Johnson,customer_952@example.com,2023-08-12,Mexico,Monterrey,Other,25-34,Churn Risk
953,Morgan,Brown,Morgan Brown,customer_953@example.com,2022-08-02,Brazil,São Paulo,Male,25-34,VIP
954,Chris,Davis,Chris Davis,customer_954@example.com,2023-05-31,Mexico,CDMX,Female,55+,VIP
955,Chris,Brown,Chris Brown,customer_955@example.com,2023-10-25,USA,Miami,Male,18-24,New
956,Alex,Davis,Alex Davis,customer_956@example.com,2022-02-26,Colombia,Bogotá,Other,18-24,Active
957,Sam,Brown,Sam Brown,customer_957@example.com,2022-12-25,Spain,Barcelona,Male,25-34,Churn Risk
958,Jamie,Johnson,Jamie Johnson,customer_958@example.com,2022-03-14,Colombia,Cali,Male,55+,Active
959,Sam,Lopez,Sam Lopez,customer_959@example.com,2023-09-24,Colombia,Cali,Male,25-34,VIP
960,Chris,Johnson,Chris Johnson,customer_960@example.com,2022-12-10,Colombia,Barranquilla,Male,35-44,Churn Risk
961,Jordan,Lopez,Jordan Lopez,customer_961@example.com,2023-01-18,Mexico,CDMX,Male,35-44,Active
962,Alex,Brown,Alex Brown,customer_962@example.com,2023-11-21,Brazil,Brasilia,Other,45-54,VIP
963,Alex,Lopez,Alex Lopez,customer_963@example.com,2022-10-10,Colombia,Barranquilla,Male,25-34,New
964,Jordan,Lopez,Jordan Lopez,customer_964@example.com,2022-09-16,Brazil,São Paulo,Female,18-24,Churn Risk
966,Pat,Brown,Pat Brown,customer_966@example.com,2022-08-14,Colombia,Bogotá,Other,55+,Active
967,Chris,Lopez,Chris Lopez,customer_967@example.com,2023-12-12,Colombia,Medellín,Female,25-34,Churn Risk
968,Jordan,Johnson,Jordan Johnson,customer_968@example.com,2022-09-30,USA,Los Angeles,Female,45-54,VIP
969,Morgan,Lopez,Morgan Lopez,customer_969@example.com,2022-01-25,Mexico,CDMX,Other,45-54,Active
970,Chris,Smith,Chris Smith,customer_970@example.com,2023-05-23,Mexico,CDMX,Other,45-54,Active
971,Sam,Lopez,Sam Lopez,customer_971@example.com,2022-02-22,Mexico,Guadalajara,Other,35-44,Churn Risk
972,Alex,Miller,Alex Miller,customer_972@example.com,2022-04-10,USA,Los Angeles,Female,35-44,VIP
973,Jordan,Davis,Jordan Davis,customer_973@example.com,2023-06-25,USA,New York,Female,35-44,Active
974,Taylor,Davis,Taylor Davis,customer_974@example.com,2022-09-01,Brazil,Rio de Janeiro,Female,25-34,Active
975,Sam,Garcia,Sam Garcia,customer_975@example.com,2023-05-19,USA,Miami,Female,35-44,VIP
976,Jordan,Johnson,Jordan Johnson,customer_976@example.com,2023-03-15,Spain,Valencia,Female,25-34,Active
977,Alex,Garcia,Alex Garcia,customer_977@example.com,2023-01-30,Mexico,Monterrey,Other,45-54,VIP
978,Morgan,Lopez,Morgan Lopez,customer_978@example.com,2023-02-16,USA,New York,Other,18-24,New
979,Morgan,Garcia,Morgan Garcia,customer_979@example.com,2023-07-14,Mexico,Monterrey,Female,55+,VIP
981,Morgan,Brown,Morgan Brown,customer_981@example.com,2022-03-10,Brazil,Rio de Janeiro,Female,18-24,New
982,Jordan,Brown,Jordan Brown,customer_982@example.com,2023-10-20,USA,Los Angeles,Male,35-44,New
983,Morgan,Johnson,Morgan Johnson,customer_983@example.com,2023-06-02,Colombia,Cali,Female,35-44,VIP
984,Chris,Johnson,Chris Johnson,customer_984@example.com,2023-02-03,Brazil,São Paulo,Other,55+,New
985,Taylor,Lopez,Taylor Lopez,customer_985@example.com,2023-02-20,Brazil,Rio de Janeiro,Female,35-44,VIP
986,Jamie,Brown,Jamie Brown,customer_986@example.com,2022-10-07,USA,Miami,Female,25-34,VIP
987,Pat,Miller,Pat Miller,customer_987@example.com,2022-11-17,USA,Miami,Female,45-54,VIP
988,Taylor,Miller,Taylor Miller,customer_988@example.com,2023-01-15,Colombia,Cali,Other,55+,Active
990,Chris,Garcia,Chris Garcia,customer_990@example.com,2022-04-26,USA,Miami,Male,25-34,VIP
991,Pat,Johnson,Pat Johnson,customer_991@example.com,2022-10-07,USA,Miami,Female,55+,New
992,Taylor,Brown,Taylor Brown,customer_992@example.com,2022-11-01,Brazil,Brasilia,Female,25-34,New
993,Morgan,Davis,Morgan Davis,customer_993@example.com,2022-04-02,Spain,Barcelona,Other,45-54,Churn Risk
994,Pat,Martinez,Pat Martinez,customer_994@example.com,2023-05-05,Spain,Barcelona,Female,45-54,VIP
995,Pat,Martinez,Pat Martinez,customer_995@example.com,2022-07-16,Colombia,Cali,Other,45-54,Churn Risk
996,Taylor,Garcia,Taylor Garcia,customer_996@example.com,2022-08-28,Mexico,Guadalajara,Other,35-44,Churn Risk
997,Pat,Johnson,Pat Johnson,customer_997@example.com,2023-02-07,Spain,Valencia,Female,18-24,VIP
998,Alex,Miller,Alex Miller,customer_998@example.com,2022-06-22,USA,Miami,Female,18-24,VIP
999,Sam,Davis,Sam Davis,customer_999@example.com,2022-04-29,Brazil,São Paulo,Other,35-44,VIP
